#
# A fatal error has been detected by the Java Runtime Environment:
#
#  EXCEPTION_ACCESS_VIOLATION (0xc0000005) at pc=0x00007ffae512e0a9, pid=9856, tid=11536
#
# JRE version: OpenJDK Runtime Environment Microsoft-8035246 (17.0.8+7) (build 17.0.8+7-LTS)
# Java VM: OpenJDK 64-Bit Server VM Microsoft-8035246 (17.0.8+7-LTS, mixed mode, sharing, tiered, compressed oops, compressed class ptrs, g1 gc, windows-amd64)
# Problematic frame:
# V  [jvm.dll+0x2be0a9]
#
# No core dump will be written. Minidumps are not enabled by default on client versions of Windows
#
# If you would like to submit a bug report, please visit:
#   https://github.com/microsoft/openjdk/issues
#

---------------  S U M M A R Y ------------

Command Line: -XX:MaxMetaspaceSize=512m --add-opens=java.base/java.util=ALL-UNNAMED --add-opens=java.base/java.lang=ALL-UNNAMED --add-opens=java.base/java.lang.invoke=ALL-UNNAMED --add-opens=java.prefs/java.util.prefs=ALL-UNNAMED --add-opens=java.base/java.nio.charset=ALL-UNNAMED --add-opens=java.base/java.net=ALL-UNNAMED --add-opens=java.base/java.util.concurrent.atomic=ALL-UNNAMED -Xmx2048m -Dfile.encoding=windows-1252 -Duser.country=IN -Duser.language=en -Duser.variant -javaagent:C:\Users\Acer\.gradle\wrapper\dists\gradle-8.3-all\6en3ugtfdg5xnpx44z4qbwgas\gradle-8.3\lib\agents\gradle-instrumentation-agent-8.3.jar org.gradle.launcher.daemon.bootstrap.GradleDaemon 8.3

Host: Intel(R) Core(TM) i7-8705G CPU @ 3.10GHz, 8 cores, 15G,  Windows 10 , 64 bit Build 19041 (10.0.19041.3636)
Time: Wed May  8 15:01:45 2024 India Standard Time elapsed time: 54.189626 seconds (0d 0h 0m 54s)

---------------  T H R E A D  ---------------

Current thread (0x0000022aa5764640):  JavaThread "C2 CompilerThread0" daemon [_thread_in_native, id=11536, stack(0x000000b9f1c00000,0x000000b9f1d00000)]


Current CompileTask:
C2:  54189 17545   !   4       org.gradle.cache.internal.DefaultMultiProcessSafeIndexedCache::getIfPresent (25 bytes)

Stack: [0x000000b9f1c00000,0x000000b9f1d00000],  sp=0x000000b9f1cfb370,  free space=1004k
Native frames: (J=compiled Java code, j=interpreted, Vv=VM code, C=native code)
V  [jvm.dll+0x2be0a9]
V  [jvm.dll+0x21ba8b]
V  [jvm.dll+0x21944b]
V  [jvm.dll+0x1a56b6]
V  [jvm.dll+0x2291ea]
V  [jvm.dll+0x22724c]
V  [jvm.dll+0x7efd0c]
V  [jvm.dll+0x7ea13a]
V  [jvm.dll+0x67ad85]
C  [ucrtbase.dll+0x21bb2]
C  [KERNEL32.DLL+0x17344]
C  [ntdll.dll+0x526b1]


siginfo: EXCEPTION_ACCESS_VIOLATION (0xc0000005), reading address 0x0000000000000028


Register to memory mapping:

RIP=0x00007ffae512e0a9 jvm.dll
RAX=0x0000022ad2e1def0 points into unknown readable memory: 0x0000000000000000 | 00 00 00 00 00 00 00 00
RBX=0x000000000000195b is an unknown value
RCX=0x0 is NULL
RDX=0x0 is NULL
RSP=0x000000b9f1cfb370 is pointing into the stack for thread: 0x0000022aa5764640
RBP=0x000000b9f1cfb3e0 is pointing into the stack for thread: 0x0000022aa5764640
RSI=0x0 is NULL
RDI=0x000000000000004c is an unknown value
R8 =0x000000000000ffe0 is an unknown value
R9 =0x0 is NULL
R10=0x00007ffb21a00000 VCRUNTIME140.dll
R11=0x0000022ad2e1df10 points into unknown readable memory: 0x0000000000000000 | 00 00 00 00 00 00 00 00
R12=0x0000000000000050 is an unknown value
R13=0x0 is NULL
R14=0x0 is NULL
R15=0x000000b9f1cfe590 is pointing into the stack for thread: 0x0000022aa5764640


Registers:
RAX=0x0000022ad2e1def0, RBX=0x000000000000195b, RCX=0x0000000000000000, RDX=0x0000000000000000
RSP=0x000000b9f1cfb370, RBP=0x000000b9f1cfb3e0, RSI=0x0000000000000000, RDI=0x000000000000004c
R8 =0x000000000000ffe0, R9 =0x0000000000000000, R10=0x00007ffb21a00000, R11=0x0000022ad2e1df10
R12=0x0000000000000050, R13=0x0000000000000000, R14=0x0000000000000000, R15=0x000000b9f1cfe590
RIP=0x00007ffae512e0a9, EFLAGS=0x0000000000010202

Top of Stack: (sp=0x000000b9f1cfb370)
0x000000b9f1cfb370:   000000000000195b 0000000000000000
0x000000b9f1cfb380:   000000b9f1cfe590 00007ffae50938d1
0x000000b9f1cfb390:   0000022aa575e0a0 00007ffa00002000
0x000000b9f1cfb3a0:   0000022ad2e1def0 0000022a00000000
0x000000b9f1cfb3b0:   0000022a00000002 0000022ac7a800d0
0x000000b9f1cfb3c0:   0000000000000002 0000022aa575e0a0
0x000000b9f1cfb3d0:   0000000000000000 0000000000000000
0x000000b9f1cfb3e0:   0000022aa5745db0 0000022a872dd470
0x000000b9f1cfb3f0:   000000000000004c 00007ffae57b4c08
0x000000b9f1cfb400:   000000b9f1cfb510 00007ffae508ba8b
0x000000b9f1cfb410:   000000b9f1cfe590 00007ffae57b4c08
0x000000b9f1cfb420:   000000b9f1cfe590 000000b9f1cfb510
0x000000b9f1cfb430:   0000022a00000000 00007ffae548b7fb
0x000000b9f1cfb440:   000000b90000000f 000000b9f1cfe590
0x000000b9f1cfb450:   000000b9f1cfb5c0 0000000000000000
0x000000b9f1cfb460:   0000022a00000100 00007ffae57b4c08 

Instructions: (pc=0x00007ffae512e0a9)
0x00007ffae512dfa9:   3b d0 75 0b ff c1 41 3b c9 7c dc 48 8b c2 c3 33
0x00007ffae512dfb9:   c0 c3 cc cc cc cc cc 48 89 5c 24 18 55 56 57 41
0x00007ffae512dfc9:   55 41 57 48 8b ec 48 83 ec 70 65 48 8b 04 25 58
0x00007ffae512dfd9:   00 00 00 48 8b f2 44 8b 05 d2 8b 90 00 4c 8b f9
0x00007ffae512dfe9:   4a 8b 1c c0 b8 50 00 00 00 80 3c 18 00 75 05 e8
0x00007ffae512dff9:   8b 6f 5d 00 b8 20 00 00 00 48 8b 04 18 48 8b 98
0x00007ffae512e009:   38 02 00 00 48 89 5d b0 c7 45 b8 04 00 00 00 48
0x00007ffae512e019:   8b 43 18 48 83 f8 df 76 18 4c 8d 05 37 a9 65 00
0x00007ffae512e029:   ba 20 00 00 00 48 8b cb e8 5a eb de ff 48 8b 43
0x00007ffae512e039:   18 48 8d 48 20 48 3b 4b 20 76 11 45 33 c0 48 8b
0x00007ffae512e049:   cb 41 8d 50 20 e8 fd e8 de ff eb 04 48 89 4b 18
0x00007ffae512e059:   44 8b 45 b8 33 d2 49 c1 e0 03 48 8b c8 48 89 45
0x00007ffae512e069:   c0 e8 e3 80 5d 00 45 33 ed 48 8d 4d d0 44 89 6d
0x00007ffae512e079:   c8 e8 01 59 56 00 41 8b 9f 40 02 00 00 41 2b 9f
0x00007ffae512e089:   68 02 00 00 44 89 6d f0 3b 5d b8 72 0b 8b d3 48
0x00007ffae512e099:   8d 4d b0 e8 6f b3 39 00 48 8b 45 c0 4c 89 2c d8
0x00007ffae512e0a9:   8b 7e 28 8b df c1 eb 05 3b 5d d0 72 0b 8b d3 48
0x00007ffae512e0b9:   8d 4d d0 e8 1f 59 56 00 48 8b 45 d8 83 e7 1f 48
0x00007ffae512e0c9:   8d 14 98 40 0f b6 cf 41 b8 01 00 00 00 41 d3 e0
0x00007ffae512e0d9:   8b 0a 8b c1 41 0b c0 89 02 41 85 c8 75 21 8b 5d
0x00007ffae512e0e9:   c8 8d 43 01 89 45 c8 3b 5d b8 72 0b 8b d3 48 8d
0x00007ffae512e0f9:   4d b0 e8 10 b3 39 00 48 8b 45 c0 48 89 34 d8 44
0x00007ffae512e109:   39 6d c8 0f 86 77 01 00 00 4c 89 a4 24 a0 00 00
0x00007ffae512e119:   00 4c 89 b4 24 a8 00 00 00 48 8b 45 c0 41 8b cd
0x00007ffae512e129:   48 8b 34 c8 8b 46 2c 25 ff 1f 00 00 3d 04 10 00
0x00007ffae512e139:   00 0f 85 a7 00 00 00 bb 01 00 00 00 39 5e 18 76
0x00007ffae512e149:   39 66 0f 1f 44 00 00 48 8b 46 08 8b cb 48 8b 14
0x00007ffae512e159:   c8 48 85 d2 74 1d 48 83 7a 10 00 74 16 80 7a 2c
0x00007ffae512e169:   84 74 10 e8 7f 7e ee ff 48 8b d0 49 8b cf e8 a4
0x00007ffae512e179:   61 f6 ff ff c3 3b 5e 18 72 cd 48 8b 5e 10 8b 46
0x00007ffae512e189:   20 4c 8d 34 c3 49 3b de 73 54 48 8b 3b 8b 47 2c
0x00007ffae512e199:   83 e0 03 3c 03 75 2e 48 8b 07 48 8b cf ff 90 88 


Stack slot to memory mapping:
stack at sp + 0 slots: 0x000000000000195b is an unknown value
stack at sp + 1 slots: 0x0 is NULL
stack at sp + 2 slots: 0x000000b9f1cfe590 is pointing into the stack for thread: 0x0000022aa5764640
stack at sp + 3 slots: 0x00007ffae50938d1 jvm.dll
stack at sp + 4 slots: 0x0000022aa575e0a0 points into unknown readable memory: 0x0000000000000006 | 06 00 00 00 00 00 00 00
stack at sp + 5 slots: 0x00007ffa00002000 is an unknown value
stack at sp + 6 slots: 0x0000022ad2e1def0 points into unknown readable memory: 0x0000000000000000 | 00 00 00 00 00 00 00 00
stack at sp + 7 slots: 0x0000022a00000000 is an unknown value


---------------  P R O C E S S  ---------------

Threads class SMR info:
_java_thread_list=0x0000022acaf3b800, length=150, elements={
0x0000022a872c44c0, 0x0000022aa574aaa0, 0x0000022aa574b720, 0x0000022aa575ff90,
0x0000022aa5760c10, 0x0000022aa5762ee0, 0x0000022aa57638a0, 0x0000022aa5764640,
0x0000022aa5769530, 0x0000022aa576cae0, 0x0000022aa5735d10, 0x0000022aa5a41310,
0x0000022ac69b8440, 0x0000022ac61b10a0, 0x0000022ac62963a0, 0x0000022ac7099f80,
0x0000022ac74d4fb0, 0x0000022ac76bef00, 0x0000022ac76c0850, 0x0000022ac76be4e0,
0x0000022ac76bf410, 0x0000022ac76c1780, 0x0000022ac76c1270, 0x0000022ac76bfe30,
0x0000022ac76bf920, 0x0000022ac76c0d60, 0x0000022ac76bdfd0, 0x0000022ac76c0340,
0x0000022ac823a750, 0x0000022ac823f340, 0x0000022ac823a240, 0x0000022ac8239d30,
0x0000022ac823ac60, 0x0000022ac823bb90, 0x0000022ac823b680, 0x0000022ac823ee30,
0x0000022ac823cfd0, 0x0000022ac823fd60, 0x0000022ac823d4e0, 0x0000022ac823df00,
0x0000022ac8240270, 0x0000022ac8239310, 0x0000022ac823e410, 0x0000022ac8240c90,
0x0000022ac8239820, 0x0000022ac915acf0, 0x0000022ac9153880, 0x0000022ac91547b0,
0x0000022ac9157030, 0x0000022ac9158e90, 0x0000022ac915b200, 0x0000022ac91551d0,
0x0000022ac91593a0, 0x0000022ac91556e0, 0x0000022ac9156b20, 0x0000022ac9154cc0,
0x0000022ac9158470, 0x0000022ac9159dc0, 0x0000022ac9155bf0, 0x0000022ac9156100,
0x0000022ac9156610, 0x0000022ac9157540, 0x0000022ac9153d90, 0x0000022ac9157a50,
0x0000022ac9157f60, 0x0000022ac9158980, 0x0000022ac915a2d0, 0x0000022ac915a7e0,
0x0000022aca494200, 0x0000022aca493cf0, 0x0000022aca495130, 0x0000022aca492dc0,
0x0000022aca495b50, 0x0000022aca4937e0, 0x0000022aca4932d0, 0x0000022aca496570,
0x0000022aca495640, 0x0000022aca494710, 0x0000022aca494c20, 0x0000022aca81aa60,
0x0000022aca8186f0, 0x0000022aca814520, 0x0000022aca818c00, 0x0000022aca819110,
0x0000022aca819620, 0x0000022aca81af70, 0x0000022aca8172b0, 0x0000022aca81a040,
0x0000022aca813b00, 0x0000022aca814010, 0x0000022aca814a30, 0x0000022aca81a550,
0x0000022aca8181e0, 0x0000022aca814f40, 0x0000022aca815450, 0x0000022aca815960,
0x0000022aca815e70, 0x0000022aca816380, 0x0000022acae53c90, 0x0000022acae56000,
0x0000022acae51e30, 0x0000022acae52850, 0x0000022acae51410, 0x0000022acae51920,
0x0000022acae55af0, 0x0000022acae56510, 0x0000022acae50f00, 0x0000022ac6fbfa40,
0x0000022acae53270, 0x0000022acae56a20, 0x0000022acae550d0, 0x0000022acae53780,
0x0000022acae4ffd0, 0x0000022acae4f5b0, 0x0000022acae555e0, 0x0000022ad08856b0,
0x0000022acae509f0, 0x0000022ac76be9f0, 0x0000022ac823c0a0, 0x0000022ad1e2c2c0,
0x0000022ad1e29f50, 0x0000022ad1e309a0, 0x0000022ad1e313c0, 0x0000022ad1e2dc10,
0x0000022ad1e318d0, 0x0000022ad1e2f560, 0x0000022ad1e2fa70, 0x0000022ad1e2ff80,
0x0000022ad1e2e120, 0x0000022ad1e30eb0, 0x0000022ad1e2a460, 0x0000022ad1e2a970,
0x0000022ad1e2ae80, 0x0000022ad1e2e630, 0x0000022ad1e2b390, 0x0000022ad1e2b8a0,
0x0000022ad1e2bdb0, 0x0000022ad1e2cce0, 0x0000022ad1e2d1f0, 0x0000022ad1e2d700,
0x0000022ad1e2eb40, 0x0000022ad1e2f050, 0x0000022ad0cc9fa0, 0x0000022ad0ccd240,
0x0000022ad0cc7720, 0x0000022ad0cca4b0, 0x0000022ad0ccb8f0, 0x0000022ad0cca9c0,
0x0000022ad0cc9580, 0x0000022ad0ccaed0
}

Java Threads: ( => current thread )
  0x0000022a872c44c0 JavaThread "main" [_thread_blocked, id=15828, stack(0x000000b9f0f00000,0x000000b9f1000000)]
  0x0000022aa574aaa0 JavaThread "Reference Handler" daemon [_thread_blocked, id=7536, stack(0x000000b9f1600000,0x000000b9f1700000)]
  0x0000022aa574b720 JavaThread "Finalizer" daemon [_thread_blocked, id=3532, stack(0x000000b9f1700000,0x000000b9f1800000)]
  0x0000022aa575ff90 JavaThread "Signal Dispatcher" daemon [_thread_blocked, id=9156, stack(0x000000b9f1800000,0x000000b9f1900000)]
  0x0000022aa5760c10 JavaThread "Attach Listener" daemon [_thread_blocked, id=16660, stack(0x000000b9f1900000,0x000000b9f1a00000)]
  0x0000022aa5762ee0 JavaThread "Service Thread" daemon [_thread_blocked, id=8476, stack(0x000000b9f1a00000,0x000000b9f1b00000)]
  0x0000022aa57638a0 JavaThread "Monitor Deflation Thread" daemon [_thread_blocked, id=14528, stack(0x000000b9f1b00000,0x000000b9f1c00000)]
=>0x0000022aa5764640 JavaThread "C2 CompilerThread0" daemon [_thread_in_native, id=11536, stack(0x000000b9f1c00000,0x000000b9f1d00000)]
  0x0000022aa5769530 JavaThread "C1 CompilerThread0" daemon [_thread_blocked, id=15840, stack(0x000000b9f1d00000,0x000000b9f1e00000)]
  0x0000022aa576cae0 JavaThread "Sweeper thread" daemon [_thread_blocked, id=17184, stack(0x000000b9f1e00000,0x000000b9f1f00000)]
  0x0000022aa5735d10 JavaThread "Common-Cleaner" daemon [_thread_blocked, id=16360, stack(0x000000b9f1f00000,0x000000b9f2000000)]
  0x0000022aa5a41310 JavaThread "Notification Thread" daemon [_thread_blocked, id=14444, stack(0x000000b9f2000000,0x000000b9f2100000)]
  0x0000022ac69b8440 JavaThread "Daemon health stats" [_thread_blocked, id=18604, stack(0x000000b9f2900000,0x000000b9f2a00000)]
  0x0000022ac61b10a0 JavaThread "Incoming local TCP Connector on port 51584" [_thread_in_native, id=14264, stack(0x000000b9f2300000,0x000000b9f2400000)]
  0x0000022ac62963a0 JavaThread "Daemon periodic checks" [_thread_blocked, id=13760, stack(0x000000b9f2a00000,0x000000b9f2b00000)]
  0x0000022ac7099f80 JavaThread "Daemon" [_thread_blocked, id=9220, stack(0x000000b9f2b00000,0x000000b9f2c00000)]
  0x0000022ac74d4fb0 JavaThread "Handler for socket connection from /127.0.0.1:51584 to /127.0.0.1:51585" [_thread_in_native, id=17764, stack(0x000000b9f2c00000,0x000000b9f2d00000)]
  0x0000022ac76bef00 JavaThread "Cancel handler" [_thread_blocked, id=9572, stack(0x000000b9f2d00000,0x000000b9f2e00000)]
  0x0000022ac76c0850 JavaThread "Daemon worker" [_thread_blocked, id=2840, stack(0x000000b9f2e00000,0x000000b9f2f00000)]
  0x0000022ac76be4e0 JavaThread "Asynchronous log dispatcher for DefaultDaemonConnection: socket connection from /127.0.0.1:51584 to /127.0.0.1:51585" [_thread_blocked, id=13532, stack(0x000000b9f2f00000,0x000000b9f3000000)]
  0x0000022ac76bf410 JavaThread "Stdin handler" [_thread_blocked, id=11076, stack(0x000000b9f3000000,0x000000b9f3100000)]
  0x0000022ac76c1780 JavaThread "Daemon client event forwarder" [_thread_blocked, id=19128, stack(0x000000b9f3100000,0x000000b9f3200000)]
  0x0000022ac76c1270 JavaThread "Cache worker for journal cache (C:\Users\Acer\.gradle\caches\journal-1)" [_thread_blocked, id=13308, stack(0x000000b9f3200000,0x000000b9f3300000)]
  0x0000022ac76bfe30 JavaThread "File lock request listener" [_thread_in_native, id=12592, stack(0x000000b9f3300000,0x000000b9f3400000)]
  0x0000022ac76bf920 JavaThread "Cache worker for file hash cache (C:\Users\Acer\.gradle\caches\8.3\fileHashes)" [_thread_blocked, id=5064, stack(0x000000b9f3400000,0x000000b9f3500000)]
  0x0000022ac76c0d60 JavaThread "File watcher server" daemon [_thread_in_native, id=12976, stack(0x000000b9f3500000,0x000000b9f3600000)]
  0x0000022ac76bdfd0 JavaThread "File watcher consumer" daemon [_thread_blocked, id=14732, stack(0x000000b9f3600000,0x000000b9f3700000)]
  0x0000022ac76c0340 JavaThread "Cache worker for checksums cache (D:\Work\tppApp\frontend\android\.gradle\8.3\checksums)" [_thread_blocked, id=18736, stack(0x000000b9f3700000,0x000000b9f3800000)]
  0x0000022ac823a750 JavaThread "Cache worker for file hash cache (D:\Work\tppApp\frontend\android\.gradle\8.3\fileHashes)" [_thread_blocked, id=17244, stack(0x000000b9f3800000,0x000000b9f3900000)]
  0x0000022ac823f340 JavaThread "Cache worker for cache directory md-supplier (C:\Users\Acer\.gradle\caches\8.3\md-supplier)" [_thread_blocked, id=3420, stack(0x000000b9f3900000,0x000000b9f3a00000)]
  0x0000022ac823a240 JavaThread "Cache worker for file content cache (C:\Users\Acer\.gradle\caches\8.3\fileContent)" [_thread_blocked, id=16056, stack(0x000000b9f3a00000,0x000000b9f3b00000)]
  0x0000022ac8239d30 JavaThread "Cache worker for cache directory md-rule (C:\Users\Acer\.gradle\caches\8.3\md-rule)" [_thread_blocked, id=19068, stack(0x000000b9f3e00000,0x000000b9f3f00000)]
  0x0000022ac823ac60 JavaThread "Cache worker for execution history cache (C:\Users\Acer\.gradle\caches\8.3\executionHistory)" [_thread_blocked, id=18944, stack(0x000000b9f3f00000,0x000000b9f4000000)]
  0x0000022ac823bb90 JavaThread "jar transforms" [_thread_blocked, id=18424, stack(0x000000b9f4100000,0x000000b9f4200000)]
  0x0000022ac823b680 JavaThread "jar transforms Thread 2" [_thread_blocked, id=1784, stack(0x000000b9f4200000,0x000000b9f4300000)]
  0x0000022ac823ee30 JavaThread "jar transforms Thread 3" [_thread_blocked, id=17488, stack(0x000000b9f4300000,0x000000b9f4400000)]
  0x0000022ac823cfd0 JavaThread "jar transforms Thread 4" [_thread_blocked, id=1912, stack(0x000000b9f4400000,0x000000b9f4500000)]
  0x0000022ac823fd60 JavaThread "Cache worker for kotlin-dsl (C:\Users\Acer\.gradle\caches\8.3\kotlin-dsl)" [_thread_blocked, id=17724, stack(0x000000b9f4500000,0x000000b9f4600000)]
  0x0000022ac823d4e0 JavaThread "jar transforms Thread 5" [_thread_blocked, id=6080, stack(0x000000b9f4600000,0x000000b9f4700000)]
  0x0000022ac823df00 JavaThread "jar transforms Thread 6" [_thread_blocked, id=13604, stack(0x000000b9f4700000,0x000000b9f4800000)]
  0x0000022ac8240270 JavaThread "Unconstrained build operations" [_thread_blocked, id=10108, stack(0x000000b9f2200000,0x000000b9f2300000)]
  0x0000022ac8239310 JavaThread "Unconstrained build operations Thread 2" [_thread_blocked, id=8600, stack(0x000000b9f4000000,0x000000b9f4100000)]
  0x0000022ac823e410 JavaThread "jar transforms Thread 7" [_thread_blocked, id=9324, stack(0x000000b9f4900000,0x000000b9f4a00000)]
  0x0000022ac8240c90 JavaThread "jar transforms Thread 8" [_thread_blocked, id=9460, stack(0x000000b9f4a00000,0x000000b9f4b00000)]
  0x0000022ac8239820 JavaThread "Cache worker for dependencies-accessors (D:\Work\tppApp\frontend\android\.gradle\8.3\dependencies-accessors)" [_thread_blocked, id=7020, stack(0x000000b9f4c00000,0x000000b9f4d00000)]
  0x0000022ac915acf0 JavaThread "Cache worker for Build Output Cleanup Cache (D:\Work\tppApp\frontend\node_modules\@react-native\gradle-plugin\.gradle\buildOutputCleanup)" [_thread_blocked, id=9612, stack(0x000000b9f4e00000,0x000000b9f4f00000)]
  0x0000022ac9153880 JavaThread "Unconstrained build operations Thread 3" [_thread_blocked, id=17188, stack(0x000000b9f4f00000,0x000000b9f5000000)]
  0x0000022ac91547b0 JavaThread "Unconstrained build operations Thread 4" [_thread_blocked, id=16168, stack(0x000000b9f5000000,0x000000b9f5100000)]
  0x0000022ac9157030 JavaThread "Unconstrained build operations Thread 5" [_thread_blocked, id=15344, stack(0x000000b9f5100000,0x000000b9f5200000)]
  0x0000022ac9158e90 JavaThread "Unconstrained build operations Thread 6" [_thread_blocked, id=13932, stack(0x000000b9f5200000,0x000000b9f5300000)]
  0x0000022ac915b200 JavaThread "Unconstrained build operations Thread 7" [_thread_blocked, id=11632, stack(0x000000b9f5300000,0x000000b9f5400000)]
  0x0000022ac91551d0 JavaThread "Unconstrained build operations Thread 8" [_thread_blocked, id=17332, stack(0x000000b9f5400000,0x000000b9f5500000)]
  0x0000022ac91593a0 JavaThread "Unconstrained build operations Thread 9" [_thread_blocked, id=18292, stack(0x000000b9f5500000,0x000000b9f5600000)]
  0x0000022ac91556e0 JavaThread "Memory manager" [_thread_blocked, id=11828, stack(0x000000b9f5600000,0x000000b9f5700000)]
  0x0000022ac9156b20 JavaThread "Cache worker for Build Output Cleanup Cache (D:\Work\tppApp\frontend\android\.gradle\buildOutputCleanup)" [_thread_blocked, id=10912, stack(0x000000b9f4d00000,0x000000b9f4e00000)]
  0x0000022ac9154cc0 JavaThread "ForkJoinPool.commonPool-worker-1" daemon [_thread_blocked, id=17804, stack(0x000000b9f5800000,0x000000b9f5900000)]
  0x0000022ac9158470 JavaThread "ForkJoinPool.commonPool-worker-2" daemon [_thread_blocked, id=4192, stack(0x000000b9f5900000,0x000000b9f5a00000)]
  0x0000022ac9159dc0 JavaThread "ForkJoinPool.commonPool-worker-3" daemon [_thread_blocked, id=6904, stack(0x000000b9f5a00000,0x000000b9f5b00000)]
  0x0000022ac9155bf0 JavaThread "ForkJoinPool.commonPool-worker-4" daemon [_thread_blocked, id=4040, stack(0x000000b9f5b00000,0x000000b9f5c00000)]
  0x0000022ac9156100 JavaThread "ForkJoinPool.commonPool-worker-5" daemon [_thread_blocked, id=2688, stack(0x000000b9f5c00000,0x000000b9f5d00000)]
  0x0000022ac9156610 JavaThread "ForkJoinPool.commonPool-worker-6" daemon [_thread_blocked, id=18036, stack(0x000000b9f5d00000,0x000000b9f5e00000)]
  0x0000022ac9157540 JavaThread "ForkJoinPool.commonPool-worker-7" daemon [_thread_blocked, id=8148, stack(0x000000b9f5e00000,0x000000b9f5f00000)]
  0x0000022ac9153d90 JavaThread "Exec process" daemon [_thread_blocked, id=16180, stack(0x000000b9f5f00000,0x000000b9f6000000)]
  0x0000022ac9157a50 JavaThread "Exec process Thread 2" daemon [_thread_blocked, id=6644, stack(0x000000b9f6000000,0x000000b9f6100000)]
  0x0000022ac9157f60 JavaThread "Exec process Thread 3" daemon [_thread_blocked, id=13004, stack(0x000000b9f6100000,0x000000b9f6200000)]
  0x0000022ac9158980 JavaThread "included builds" [_thread_blocked, id=13284, stack(0x000000b9f5700000,0x000000b9f5800000)]
  0x0000022ac915a2d0 JavaThread "Execution worker" [_thread_blocked, id=15572, stack(0x000000b9f6200000,0x000000b9f6300000)]
  0x0000022ac915a7e0 JavaThread "Execution worker Thread 2" [_thread_blocked, id=3916, stack(0x000000b9f6300000,0x000000b9f6400000)]
  0x0000022aca494200 JavaThread "Execution worker Thread 3" [_thread_blocked, id=2584, stack(0x000000b9f6400000,0x000000b9f6500000)]
  0x0000022aca493cf0 JavaThread "Execution worker Thread 4" [_thread_blocked, id=2776, stack(0x000000b9f6500000,0x000000b9f6600000)]
  0x0000022aca495130 JavaThread "Execution worker Thread 5" [_thread_blocked, id=13228, stack(0x000000b9f6600000,0x000000b9f6700000)]
  0x0000022aca492dc0 JavaThread "Execution worker Thread 6" [_thread_blocked, id=13248, stack(0x000000b9f6700000,0x000000b9f6800000)]
  0x0000022aca495b50 JavaThread "Execution worker Thread 7" [_thread_blocked, id=16664, stack(0x000000b9f6800000,0x000000b9f6900000)]
  0x0000022aca4937e0 JavaThread "Cache worker for execution history cache (D:\Work\tppApp\frontend\node_modules\@react-native\gradle-plugin\.gradle\8.3\executionHistory)" [_thread_blocked, id=8160, stack(0x000000b9f6900000,0x000000b9f6a00000)]
  0x0000022aca4932d0 JavaThread "Unconstrained build operations Thread 10" [_thread_blocked, id=19204, stack(0x000000b9f6b00000,0x000000b9f6c00000)]
  0x0000022aca496570 JavaThread "Unconstrained build operations Thread 11" [_thread_blocked, id=19256, stack(0x000000b9f6c00000,0x000000b9f6d00000)]
  0x0000022aca495640 JavaThread "Unconstrained build operations Thread 12" [_thread_blocked, id=18932, stack(0x000000b9f6d00000,0x000000b9f6e00000)]
  0x0000022aca494710 JavaThread "Unconstrained build operations Thread 13" [_thread_blocked, id=17400, stack(0x000000b9f6e00000,0x000000b9f6f00000)]
  0x0000022aca494c20 JavaThread "Unconstrained build operations Thread 14" [_thread_blocked, id=11252, stack(0x000000b9f6f00000,0x000000b9f7000000)]
  0x0000022aca81aa60 JavaThread "Unconstrained build operations Thread 15" [_thread_blocked, id=17732, stack(0x000000b9f7000000,0x000000b9f7100000)]
  0x0000022aca8186f0 JavaThread "Unconstrained build operations Thread 16" [_thread_blocked, id=9980, stack(0x000000b9f7100000,0x000000b9f7200000)]
  0x0000022aca814520 JavaThread "Unconstrained build operations Thread 17" [_thread_blocked, id=18460, stack(0x000000b9f7200000,0x000000b9f7300000)]
  0x0000022aca818c00 JavaThread "Unconstrained build operations Thread 18" [_thread_blocked, id=15676, stack(0x000000b9f7300000,0x000000b9f7400000)]
  0x0000022aca819110 JavaThread "Unconstrained build operations Thread 19" [_thread_blocked, id=8548, stack(0x000000b9f7400000,0x000000b9f7500000)]
  0x0000022aca819620 JavaThread "Unconstrained build operations Thread 20" [_thread_blocked, id=13236, stack(0x000000b9f7500000,0x000000b9f7600000)]
  0x0000022aca81af70 JavaThread "Unconstrained build operations Thread 21" [_thread_blocked, id=10948, stack(0x000000b9f7600000,0x000000b9f7700000)]
  0x0000022aca8172b0 JavaThread "Unconstrained build operations Thread 22" [_thread_blocked, id=10888, stack(0x000000b9f7700000,0x000000b9f7800000)]
  0x0000022aca81a040 JavaThread "Unconstrained build operations Thread 23" [_thread_blocked, id=11820, stack(0x000000b9f7800000,0x000000b9f7900000)]
  0x0000022aca813b00 JavaThread "Unconstrained build operations Thread 24" [_thread_blocked, id=11284, stack(0x000000b9f7900000,0x000000b9f7a00000)]
  0x0000022aca814010 JavaThread "Unconstrained build operations Thread 25" [_thread_blocked, id=9808, stack(0x000000b9f7a00000,0x000000b9f7b00000)]
  0x0000022aca814a30 JavaThread "Unconstrained build operations Thread 26" [_thread_blocked, id=19188, stack(0x000000b9f7d00000,0x000000b9f7e00000)]
  0x0000022aca81a550 JavaThread "Unconstrained build operations Thread 27" [_thread_blocked, id=3272, stack(0x000000b9f7c00000,0x000000b9f7d00000)]
  0x0000022aca8181e0 JavaThread "Unconstrained build operations Thread 28" [_thread_blocked, id=2372, stack(0x000000b9f7e00000,0x000000b9f7f00000)]
  0x0000022aca814f40 JavaThread "Unconstrained build operations Thread 29" [_thread_blocked, id=18788, stack(0x000000b9f7f00000,0x000000b9f8000000)]
  0x0000022aca815450 JavaThread "Unconstrained build operations Thread 30" [_thread_blocked, id=14560, stack(0x000000b9f8000000,0x000000b9f8100000)]
  0x0000022aca815960 JavaThread "Unconstrained build operations Thread 31" [_thread_blocked, id=16136, stack(0x000000b9f8100000,0x000000b9f8200000)]
  0x0000022aca815e70 JavaThread "Unconstrained build operations Thread 32" [_thread_blocked, id=6696, stack(0x000000b9f8200000,0x000000b9f8300000)]
  0x0000022aca816380 JavaThread "Unconstrained build operations Thread 33" [_thread_blocked, id=16592, stack(0x000000b9f8300000,0x000000b9f8400000)]
  0x0000022acae53c90 JavaThread "Unconstrained build operations Thread 34" [_thread_blocked, id=928, stack(0x000000b9f8500000,0x000000b9f8600000)]
  0x0000022acae56000 JavaThread "Unconstrained build operations Thread 35" [_thread_blocked, id=14440, stack(0x000000b9f8600000,0x000000b9f8700000)]
  0x0000022acae51e30 JavaThread "Unconstrained build operations Thread 36" [_thread_blocked, id=7848, stack(0x000000b9f8700000,0x000000b9f8800000)]
  0x0000022acae52850 JavaThread "Unconstrained build operations Thread 37" [_thread_in_native, id=18240, stack(0x000000b9f8800000,0x000000b9f8900000)]
  0x0000022acae51410 JavaThread "Unconstrained build operations Thread 38" [_thread_in_native, id=3432, stack(0x000000b9f8900000,0x000000b9f8a00000)]
  0x0000022acae51920 JavaThread "Unconstrained build operations Thread 39" [_thread_blocked, id=16776, stack(0x000000b9f8a00000,0x000000b9f8b00000)]
  0x0000022acae55af0 JavaThread "Unconstrained build operations Thread 40" [_thread_blocked, id=6924, stack(0x000000b9f8b00000,0x000000b9f8c00000)]
  0x0000022acae56510 JavaThread "Unconstrained build operations Thread 41" [_thread_in_native, id=13580, stack(0x000000b9f8c00000,0x000000b9f8d00000)]
  0x0000022acae50f00 JavaThread "Unconstrained build operations Thread 42" [_thread_blocked, id=14276, stack(0x000000b9f8d00000,0x000000b9f8e00000)]
  0x0000022ac6fbfa40 JavaThread "C2 CompilerThread1" daemon [_thread_in_native, id=8084, stack(0x000000b9f7b00000,0x000000b9f7c00000)]
  0x0000022acae53270 JavaThread "Unconstrained build operations Thread 43" [_thread_blocked, id=13680, stack(0x000000b9f8400000,0x000000b9f8500000)]
  0x0000022acae56a20 JavaThread "Unconstrained build operations Thread 44" [_thread_in_native, id=18396, stack(0x000000b9f8e00000,0x000000b9f8f00000)]
  0x0000022acae550d0 JavaThread "Unconstrained build operations Thread 45" [_thread_blocked, id=8652, stack(0x000000b9f8f00000,0x000000b9f9000000)]
  0x0000022acae53780 JavaThread "Unconstrained build operations Thread 46" [_thread_blocked, id=19316, stack(0x000000b9f9000000,0x000000b9f9100000)]
  0x0000022acae4ffd0 JavaThread "Unconstrained build operations Thread 47" [_thread_blocked, id=6760, stack(0x000000b9f9100000,0x000000b9f9200000)]
  0x0000022acae4f5b0 JavaThread "Unconstrained build operations Thread 48" [_thread_blocked, id=4772, stack(0x000000b9f9200000,0x000000b9f9300000)]
  0x0000022acae555e0 JavaThread "Unconstrained build operations Thread 49" [_thread_blocked, id=15588, stack(0x000000b9f9300000,0x000000b9f9400000)]
  0x0000022ad08856b0 JavaThread "C2 CompilerThread2" daemon [_thread_in_native, id=16184, stack(0x000000b9f9400000,0x000000b9f9500000)]
  0x0000022acae509f0 JavaThread "Unconstrained build operations Thread 50" [_thread_blocked, id=17220, stack(0x000000b9f9500000,0x000000b9f9600000)]
  0x0000022ac76be9f0 JavaThread "Unconstrained build operations Thread 51" [_thread_blocked, id=4420, stack(0x000000b9f9600000,0x000000b9f9700000)]
  0x0000022ac823c0a0 JavaThread "Unconstrained build operations Thread 52" [_thread_blocked, id=1588, stack(0x000000b9f9700000,0x000000b9f9800000)]
  0x0000022ad1e2c2c0 JavaThread "Unconstrained build operations Thread 53" [_thread_blocked, id=9792, stack(0x000000b9f9800000,0x000000b9f9900000)]
  0x0000022ad1e29f50 JavaThread "Unconstrained build operations Thread 54" [_thread_blocked, id=3308, stack(0x000000b9f9900000,0x000000b9f9a00000)]
  0x0000022ad1e309a0 JavaThread "Unconstrained build operations Thread 55" [_thread_blocked, id=14020, stack(0x000000b9f9a00000,0x000000b9f9b00000)]
  0x0000022ad1e313c0 JavaThread "Unconstrained build operations Thread 56" [_thread_blocked, id=16564, stack(0x000000b9f9b00000,0x000000b9f9c00000)]
  0x0000022ad1e2dc10 JavaThread "Unconstrained build operations Thread 57" [_thread_blocked, id=8912, stack(0x000000b9f9c00000,0x000000b9f9d00000)]
  0x0000022ad1e318d0 JavaThread "Unconstrained build operations Thread 58" [_thread_blocked, id=16624, stack(0x000000b9f9d00000,0x000000b9f9e00000)]
  0x0000022ad1e2f560 JavaThread "Unconstrained build operations Thread 59" [_thread_blocked, id=16040, stack(0x000000b9f9e00000,0x000000b9f9f00000)]
  0x0000022ad1e2fa70 JavaThread "Unconstrained build operations Thread 60" [_thread_blocked, id=15688, stack(0x000000b9f9f00000,0x000000b9fa000000)]
  0x0000022ad1e2ff80 JavaThread "Unconstrained build operations Thread 61" [_thread_blocked, id=19096, stack(0x000000b9fa000000,0x000000b9fa100000)]
  0x0000022ad1e2e120 JavaThread "Unconstrained build operations Thread 62" [_thread_blocked, id=15092, stack(0x000000b9fa100000,0x000000b9fa200000)]
  0x0000022ad1e30eb0 JavaThread "Unconstrained build operations Thread 63" [_thread_blocked, id=7864, stack(0x000000b9fa200000,0x000000b9fa300000)]
  0x0000022ad1e2a460 JavaThread "Unconstrained build operations Thread 64" [_thread_blocked, id=18680, stack(0x000000b9fa300000,0x000000b9fa400000)]
  0x0000022ad1e2a970 JavaThread "Unconstrained build operations Thread 65" [_thread_blocked, id=10496, stack(0x000000b9fa400000,0x000000b9fa500000)]
  0x0000022ad1e2ae80 JavaThread "Unconstrained build operations Thread 66" [_thread_blocked, id=16580, stack(0x000000b9fa500000,0x000000b9fa600000)]
  0x0000022ad1e2e630 JavaThread "Unconstrained build operations Thread 67" [_thread_blocked, id=18216, stack(0x000000b9fa600000,0x000000b9fa700000)]
  0x0000022ad1e2b390 JavaThread "Unconstrained build operations Thread 68" [_thread_blocked, id=19360, stack(0x000000b9fa700000,0x000000b9fa800000)]
  0x0000022ad1e2b8a0 JavaThread "Unconstrained build operations Thread 69" [_thread_blocked, id=3160, stack(0x000000b9fa800000,0x000000b9fa900000)]
  0x0000022ad1e2bdb0 JavaThread "Unconstrained build operations Thread 70" [_thread_blocked, id=1960, stack(0x000000b9fa900000,0x000000b9faa00000)]
  0x0000022ad1e2cce0 JavaThread "pool-3-thread-1" [_thread_blocked, id=11500, stack(0x000000b9faa00000,0x000000b9fab00000)]
  0x0000022ad1e2d1f0 JavaThread "build event listener" [_thread_blocked, id=17348, stack(0x000000b9fab00000,0x000000b9fac00000)]
  0x0000022ad1e2d700 JavaThread "Unconstrained build operations Thread 71" [_thread_blocked, id=12336, stack(0x000000b9fac00000,0x000000b9fad00000)]
  0x0000022ad1e2eb40 JavaThread "Unconstrained build operations Thread 72" [_thread_blocked, id=13060, stack(0x000000b9fad00000,0x000000b9fae00000)]
  0x0000022ad1e2f050 JavaThread "Unconstrained build operations Thread 73" [_thread_blocked, id=7140, stack(0x000000b9fae00000,0x000000b9faf00000)]
  0x0000022ad0cc9fa0 JavaThread "Unconstrained build operations Thread 74" [_thread_blocked, id=6480, stack(0x000000b9faf00000,0x000000b9fb000000)]
  0x0000022ad0ccd240 JavaThread "Unconstrained build operations Thread 75" [_thread_blocked, id=10900, stack(0x000000b9fb000000,0x000000b9fb100000)]
  0x0000022ad0cc7720 JavaThread "Unconstrained build operations Thread 76" [_thread_blocked, id=7456, stack(0x000000b9fb100000,0x000000b9fb200000)]
  0x0000022ad0cca4b0 JavaThread "Unconstrained build operations Thread 77" [_thread_blocked, id=10824, stack(0x000000b9fb200000,0x000000b9fb300000)]
  0x0000022ad0ccb8f0 JavaThread "Unconstrained build operations Thread 78" [_thread_blocked, id=15884, stack(0x000000b9fb300000,0x000000b9fb400000)]
  0x0000022ad0cca9c0 JavaThread "Unconstrained build operations Thread 79" [_thread_blocked, id=4256, stack(0x000000b9fb400000,0x000000b9fb500000)]
  0x0000022ad0cc9580 JavaThread "Unconstrained build operations Thread 80" [_thread_blocked, id=10960, stack(0x000000b9fb500000,0x000000b9fb600000)]
  0x0000022ad0ccaed0 JavaThread "Cache worker for execution history cache (D:\Work\tppApp\frontend\android\.gradle\8.3\executionHistory)" [_thread_blocked, id=17692, stack(0x000000b9fb600000,0x000000b9fb700000)]

Other Threads:
  0x0000022aa57457e0 VMThread "VM Thread" [stack: 0x000000b9f1500000,0x000000b9f1600000] [id=7116]
  0x0000022aa5a417f0 WatcherThread [stack: 0x000000b9f2100000,0x000000b9f2200000] [id=13488]
  0x0000022a873224c0 GCTaskThread "GC Thread#0" [stack: 0x000000b9f1000000,0x000000b9f1100000] [id=2952]
  0x0000022ac5a22ba0 GCTaskThread "GC Thread#1" [stack: 0x000000b9f2400000,0x000000b9f2500000] [id=3200]
  0x0000022ac502b460 GCTaskThread "GC Thread#2" [stack: 0x000000b9f2500000,0x000000b9f2600000] [id=14852]
  0x0000022ac5d41670 GCTaskThread "GC Thread#3" [stack: 0x000000b9f2600000,0x000000b9f2700000] [id=19432]
  0x0000022ac5d41930 GCTaskThread "GC Thread#4" [stack: 0x000000b9f2700000,0x000000b9f2800000] [id=13356]
  0x0000022ac5d41fc0 GCTaskThread "GC Thread#5" [stack: 0x000000b9f2800000,0x000000b9f2900000] [id=8856]
  0x0000022ac751c420 GCTaskThread "GC Thread#6" [stack: 0x000000b9f3b00000,0x000000b9f3c00000] [id=12408]
  0x0000022ac773ebe0 GCTaskThread "GC Thread#7" [stack: 0x000000b9f3c00000,0x000000b9f3d00000] [id=4252]
  0x0000022a87333ab0 ConcurrentGCThread "G1 Main Marker" [stack: 0x000000b9f1100000,0x000000b9f1200000] [id=19428]
  0x0000022a873343c0 ConcurrentGCThread "G1 Conc#0" [stack: 0x000000b9f1200000,0x000000b9f1300000] [id=2572]
  0x0000022ac6c043e0 ConcurrentGCThread "G1 Conc#1" [stack: 0x000000b9f3d00000,0x000000b9f3e00000] [id=13076]
  0x0000022aa5600570 ConcurrentGCThread "G1 Refine#0" [stack: 0x000000b9f1300000,0x000000b9f1400000] [id=3352]
  0x0000022aa5600ea0 ConcurrentGCThread "G1 Service" [stack: 0x000000b9f1400000,0x000000b9f1500000] [id=8984]

Threads with active compile tasks:
C2 CompilerThread0    54340 17545   !   4       org.gradle.cache.internal.DefaultMultiProcessSafeIndexedCache::getIfPresent (25 bytes)
C1 CompilerThread0    54340 17708       2       org.gradle.internal.execution.steps.SkipEmptyWorkStep$1::visitInputFileProperty (20 bytes)
C2 CompilerThread1    54340 17552       4       org.gradle.cache.internal.DefaultCacheCoordinator$UnitOfWorkFileAccess::readFile (14 bytes)
C2 CompilerThread2    54340 17691       4       org.gradle.internal.snapshot.SnapshotUtil$1::handleAsDescendantOfChild (10 bytes)

VM state: not at safepoint (normal execution)

VM Mutex/Monitor currently owned by a thread: None

Heap address: 0x0000000080000000, size: 2048 MB, Compressed Oops mode: 32-bit

CDS archive(s) mapped at: [0x0000022aa6000000-0x0000022aa6bd0000-0x0000022aa6bd0000), size 12386304, SharedBaseAddress: 0x0000022aa6000000, ArchiveRelocationMode: 1.
Compressed class space mapped at: 0x0000022aa7000000-0x0000022ac1000000, reserved size: 436207616
Narrow klass base: 0x0000022aa6000000, Narrow klass shift: 0, Narrow klass range: 0x100000000

GC Precious Log:
 CPUs: 8 total, 8 available
 Memory: 16240M
 Large Page Support: Disabled
 NUMA Support: Disabled
 Compressed Oops: Enabled (32-bit)
 Heap Region Size: 1M
 Heap Min Capacity: 8M
 Heap Initial Capacity: 254M
 Heap Max Capacity: 2G
 Pre-touch: Disabled
 Parallel Workers: 8
 Concurrent Workers: 2
 Concurrent Refinement Workers: 8
 Periodic GC: Disabled

Heap:
 garbage-first heap   total 299008K, used 252126K [0x0000000080000000, 0x0000000100000000)
  region size 1024K, 14 young (14336K), 4 survivors (4096K)
 Metaspace       used 113834K, committed 115200K, reserved 557056K
  class space    used 15719K, committed 16384K, reserved 425984K

Heap Regions: E=young(eden), S=young(survivor), O=old, HS=humongous(starts), HC=humongous(continues), CS=collection set, F=free, OA=open archive, CA=closed archive, TAMS=top-at-mark-start (previous, next)
|   0|0x0000000080000000, 0x0000000080100000, 0x0000000080100000|100%|HS|  |TAMS 0x0000000080100000, 0x0000000080000000| Complete 
|   1|0x0000000080100000, 0x0000000080200000, 0x0000000080200000|100%|HC|  |TAMS 0x0000000080200000, 0x0000000080100000| Complete 
|   2|0x0000000080200000, 0x0000000080300000, 0x0000000080300000|100%|HC|  |TAMS 0x0000000080300000, 0x0000000080200000| Complete 
|   3|0x0000000080300000, 0x0000000080400000, 0x0000000080400000|100%|HC|  |TAMS 0x0000000080400000, 0x0000000080300000| Complete 
|   4|0x0000000080400000, 0x0000000080500000, 0x0000000080500000|100%| O|  |TAMS 0x0000000080500000, 0x0000000080400000| Untracked 
|   5|0x0000000080500000, 0x0000000080600000, 0x0000000080600000|100%| O|  |TAMS 0x0000000080600000, 0x0000000080500000| Untracked 
|   6|0x0000000080600000, 0x0000000080700000, 0x0000000080700000|100%| O|  |TAMS 0x0000000080700000, 0x0000000080600000| Untracked 
|   7|0x0000000080700000, 0x0000000080800000, 0x0000000080800000|100%| O|  |TAMS 0x0000000080800000, 0x0000000080700000| Untracked 
|   8|0x0000000080800000, 0x0000000080900000, 0x0000000080900000|100%| O|  |TAMS 0x0000000080900000, 0x0000000080800000| Untracked 
|   9|0x0000000080900000, 0x0000000080a00000, 0x0000000080a00000|100%| O|  |TAMS 0x0000000080a00000, 0x0000000080900000| Untracked 
|  10|0x0000000080a00000, 0x0000000080b00000, 0x0000000080b00000|100%| O|  |TAMS 0x0000000080b00000, 0x0000000080a00000| Untracked 
|  11|0x0000000080b00000, 0x0000000080c00000, 0x0000000080c00000|100%| O|  |TAMS 0x0000000080c00000, 0x0000000080b00000| Untracked 
|  12|0x0000000080c00000, 0x0000000080d00000, 0x0000000080d00000|100%| O|  |TAMS 0x0000000080d00000, 0x0000000080c00000| Untracked 
|  13|0x0000000080d00000, 0x0000000080e00000, 0x0000000080e00000|100%| O|  |TAMS 0x0000000080e00000, 0x0000000080d00000| Untracked 
|  14|0x0000000080e00000, 0x0000000080f00000, 0x0000000080f00000|100%| O|  |TAMS 0x0000000080f00000, 0x0000000080e00000| Untracked 
|  15|0x0000000080f00000, 0x0000000081000000, 0x0000000081000000|100%| O|  |TAMS 0x0000000081000000, 0x0000000080f00000| Untracked 
|  16|0x0000000081000000, 0x0000000081100000, 0x0000000081100000|100%| O|  |TAMS 0x0000000081100000, 0x0000000081000000| Untracked 
|  17|0x0000000081100000, 0x0000000081200000, 0x0000000081200000|100%| O|  |TAMS 0x0000000081200000, 0x0000000081100000| Untracked 
|  18|0x0000000081200000, 0x0000000081300000, 0x0000000081300000|100%| O|  |TAMS 0x0000000081300000, 0x0000000081200000| Untracked 
|  19|0x0000000081300000, 0x0000000081400000, 0x0000000081400000|100%| O|  |TAMS 0x0000000081400000, 0x0000000081300000| Untracked 
|  20|0x0000000081400000, 0x0000000081500000, 0x0000000081500000|100%| O|  |TAMS 0x0000000081500000, 0x0000000081400000| Untracked 
|  21|0x0000000081500000, 0x0000000081600000, 0x0000000081600000|100%| O|  |TAMS 0x0000000081600000, 0x0000000081500000| Untracked 
|  22|0x0000000081600000, 0x0000000081700000, 0x0000000081700000|100%| O|  |TAMS 0x0000000081700000, 0x0000000081600000| Untracked 
|  23|0x0000000081700000, 0x0000000081800000, 0x0000000081800000|100%| O|  |TAMS 0x0000000081800000, 0x0000000081700000| Untracked 
|  24|0x0000000081800000, 0x0000000081900000, 0x0000000081900000|100%| O|  |TAMS 0x0000000081900000, 0x0000000081800000| Untracked 
|  25|0x0000000081900000, 0x0000000081a00000, 0x0000000081a00000|100%|HS|  |TAMS 0x0000000081900000, 0x0000000081900000| Complete 
|  26|0x0000000081a00000, 0x0000000081b00000, 0x0000000081b00000|100%| O|  |TAMS 0x0000000081b00000, 0x0000000081a00000| Untracked 
|  27|0x0000000081b00000, 0x0000000081c00000, 0x0000000081c00000|100%| O|  |TAMS 0x0000000081c00000, 0x0000000081b00000| Untracked 
|  28|0x0000000081c00000, 0x0000000081d00000, 0x0000000081d00000|100%| O|  |TAMS 0x0000000081d00000, 0x0000000081c00000| Untracked 
|  29|0x0000000081d00000, 0x0000000081e00000, 0x0000000081e00000|100%| O|  |TAMS 0x0000000081e00000, 0x0000000081d00000| Untracked 
|  30|0x0000000081e00000, 0x0000000081f00000, 0x0000000081f00000|100%| O|  |TAMS 0x0000000081f00000, 0x0000000081e00000| Untracked 
|  31|0x0000000081f00000, 0x0000000082000000, 0x0000000082000000|100%| O|  |TAMS 0x0000000082000000, 0x0000000081f00000| Untracked 
|  32|0x0000000082000000, 0x0000000082100000, 0x0000000082100000|100%| O|  |TAMS 0x0000000082100000, 0x0000000082000000| Untracked 
|  33|0x0000000082100000, 0x0000000082200000, 0x0000000082200000|100%| O|  |TAMS 0x0000000082200000, 0x0000000082100000| Untracked 
|  34|0x0000000082200000, 0x0000000082300000, 0x0000000082300000|100%| O|  |TAMS 0x0000000082300000, 0x0000000082200000| Untracked 
|  35|0x0000000082300000, 0x0000000082400000, 0x0000000082400000|100%| O|  |TAMS 0x0000000082400000, 0x0000000082300000| Untracked 
|  36|0x0000000082400000, 0x0000000082500000, 0x0000000082500000|100%| O|  |TAMS 0x0000000082500000, 0x0000000082400000| Untracked 
|  37|0x0000000082500000, 0x0000000082600000, 0x0000000082600000|100%| O|  |TAMS 0x0000000082600000, 0x0000000082500000| Untracked 
|  38|0x0000000082600000, 0x0000000082700000, 0x0000000082700000|100%|HS|  |TAMS 0x0000000082700000, 0x0000000082600000| Complete 
|  39|0x0000000082700000, 0x0000000082800000, 0x0000000082800000|100%|HC|  |TAMS 0x0000000082800000, 0x0000000082700000| Complete 
|  40|0x0000000082800000, 0x0000000082900000, 0x0000000082900000|100%|HS|  |TAMS 0x0000000082900000, 0x0000000082800000| Complete 
|  41|0x0000000082900000, 0x0000000082a00000, 0x0000000082a00000|100%|HC|  |TAMS 0x0000000082a00000, 0x0000000082900000| Complete 
|  42|0x0000000082a00000, 0x0000000082b00000, 0x0000000082b00000|100%| O|  |TAMS 0x0000000082b00000, 0x0000000082a00000| Untracked 
|  43|0x0000000082b00000, 0x0000000082c00000, 0x0000000082c00000|100%| O|  |TAMS 0x0000000082c00000, 0x0000000082b00000| Untracked 
|  44|0x0000000082c00000, 0x0000000082d00000, 0x0000000082d00000|100%| O|  |TAMS 0x0000000082d00000, 0x0000000082c00000| Untracked 
|  45|0x0000000082d00000, 0x0000000082e00000, 0x0000000082e00000|100%| O|  |TAMS 0x0000000082e00000, 0x0000000082d00000| Untracked 
|  46|0x0000000082e00000, 0x0000000082f00000, 0x0000000082f00000|100%| O|  |TAMS 0x0000000082f00000, 0x0000000082e00000| Untracked 
|  47|0x0000000082f00000, 0x0000000083000000, 0x0000000083000000|100%| O|  |TAMS 0x0000000083000000, 0x0000000082f00000| Untracked 
|  48|0x0000000083000000, 0x0000000083100000, 0x0000000083100000|100%|HS|  |TAMS 0x0000000083100000, 0x0000000083000000| Complete 
|  49|0x0000000083100000, 0x0000000083200000, 0x0000000083200000|100%|HS|  |TAMS 0x0000000083200000, 0x0000000083100000| Complete 
|  50|0x0000000083200000, 0x0000000083300000, 0x0000000083300000|100%|HC|  |TAMS 0x0000000083300000, 0x0000000083200000| Complete 
|  51|0x0000000083300000, 0x0000000083400000, 0x0000000083400000|100%|HC|  |TAMS 0x0000000083400000, 0x0000000083300000| Complete 
|  52|0x0000000083400000, 0x0000000083500000, 0x0000000083500000|100%|HC|  |TAMS 0x0000000083500000, 0x0000000083400000| Complete 
|  53|0x0000000083500000, 0x0000000083600000, 0x0000000083600000|100%| O|  |TAMS 0x0000000083600000, 0x0000000083500000| Untracked 
|  54|0x0000000083600000, 0x0000000083700000, 0x0000000083700000|100%| O|  |TAMS 0x0000000083700000, 0x0000000083600000| Untracked 
|  55|0x0000000083700000, 0x0000000083800000, 0x0000000083800000|100%| O|  |TAMS 0x0000000083800000, 0x0000000083700000| Untracked 
|  56|0x0000000083800000, 0x0000000083900000, 0x0000000083900000|100%| O|  |TAMS 0x0000000083900000, 0x0000000083800000| Untracked 
|  57|0x0000000083900000, 0x0000000083a00000, 0x0000000083a00000|100%|HS|  |TAMS 0x0000000083a00000, 0x0000000083900000| Complete 
|  58|0x0000000083a00000, 0x0000000083b00000, 0x0000000083b00000|100%|HC|  |TAMS 0x0000000083b00000, 0x0000000083a00000| Complete 
|  59|0x0000000083b00000, 0x0000000083c00000, 0x0000000083c00000|100%|HC|  |TAMS 0x0000000083c00000, 0x0000000083b00000| Complete 
|  60|0x0000000083c00000, 0x0000000083d00000, 0x0000000083d00000|100%|HC|  |TAMS 0x0000000083d00000, 0x0000000083c00000| Complete 
|  61|0x0000000083d00000, 0x0000000083e00000, 0x0000000083e00000|100%| O|  |TAMS 0x0000000083e00000, 0x0000000083d00000| Untracked 
|  62|0x0000000083e00000, 0x0000000083f00000, 0x0000000083f00000|100%| O|  |TAMS 0x0000000083f00000, 0x0000000083e00000| Untracked 
|  63|0x0000000083f00000, 0x0000000084000000, 0x0000000084000000|100%| O|  |TAMS 0x0000000084000000, 0x0000000083f00000| Untracked 
|  64|0x0000000084000000, 0x0000000084100000, 0x0000000084100000|100%| O|  |TAMS 0x0000000084100000, 0x0000000084000000| Untracked 
|  65|0x0000000084100000, 0x0000000084200000, 0x0000000084200000|100%| O|  |TAMS 0x0000000084200000, 0x0000000084100000| Untracked 
|  66|0x0000000084200000, 0x0000000084300000, 0x0000000084300000|100%| O|  |TAMS 0x0000000084300000, 0x0000000084200000| Untracked 
|  67|0x0000000084300000, 0x0000000084400000, 0x0000000084400000|100%|HS|  |TAMS 0x0000000084400000, 0x0000000084300000| Complete 
|  68|0x0000000084400000, 0x0000000084500000, 0x0000000084500000|100%|HS|  |TAMS 0x0000000084500000, 0x0000000084400000| Complete 
|  69|0x0000000084500000, 0x0000000084600000, 0x0000000084600000|100%| O|  |TAMS 0x0000000084600000, 0x0000000084500000| Untracked 
|  70|0x0000000084600000, 0x0000000084700000, 0x0000000084700000|100%|HS|  |TAMS 0x0000000084700000, 0x0000000084600000| Complete 
|  71|0x0000000084700000, 0x0000000084800000, 0x0000000084800000|100%| O|  |TAMS 0x0000000084800000, 0x0000000084700000| Untracked 
|  72|0x0000000084800000, 0x0000000084900000, 0x0000000084900000|100%| O|  |TAMS 0x0000000084900000, 0x0000000084800000| Untracked 
|  73|0x0000000084900000, 0x0000000084a00000, 0x0000000084a00000|100%| O|  |TAMS 0x0000000084a00000, 0x0000000084900000| Untracked 
|  74|0x0000000084a00000, 0x0000000084b00000, 0x0000000084b00000|100%| O|  |TAMS 0x0000000084b00000, 0x0000000084a00000| Untracked 
|  75|0x0000000084b00000, 0x0000000084c00000, 0x0000000084c00000|100%| O|  |TAMS 0x0000000084c00000, 0x0000000084b00000| Untracked 
|  76|0x0000000084c00000, 0x0000000084d00000, 0x0000000084d00000|100%| O|  |TAMS 0x0000000084d00000, 0x0000000084c00000| Untracked 
|  77|0x0000000084d00000, 0x0000000084e00000, 0x0000000084e00000|100%| O|  |TAMS 0x0000000084e00000, 0x0000000084d00000| Untracked 
|  78|0x0000000084e00000, 0x0000000084f00000, 0x0000000084f00000|100%| O|  |TAMS 0x0000000084f00000, 0x0000000084e00000| Untracked 
|  79|0x0000000084f00000, 0x0000000085000000, 0x0000000085000000|100%| O|  |TAMS 0x0000000085000000, 0x0000000084f00000| Untracked 
|  80|0x0000000085000000, 0x0000000085100000, 0x0000000085100000|100%| O|  |TAMS 0x0000000085100000, 0x0000000085000000| Untracked 
|  81|0x0000000085100000, 0x0000000085200000, 0x0000000085200000|100%| O|  |TAMS 0x0000000085200000, 0x0000000085100000| Untracked 
|  82|0x0000000085200000, 0x0000000085300000, 0x0000000085300000|100%| O|  |TAMS 0x0000000085300000, 0x0000000085200000| Untracked 
|  83|0x0000000085300000, 0x0000000085400000, 0x0000000085400000|100%| O|  |TAMS 0x0000000085400000, 0x0000000085300000| Untracked 
|  84|0x0000000085400000, 0x0000000085500000, 0x0000000085500000|100%| O|  |TAMS 0x0000000085500000, 0x0000000085400000| Untracked 
|  85|0x0000000085500000, 0x0000000085600000, 0x0000000085600000|100%| O|  |TAMS 0x0000000085600000, 0x0000000085500000| Untracked 
|  86|0x0000000085600000, 0x0000000085700000, 0x0000000085700000|100%| O|  |TAMS 0x0000000085700000, 0x0000000085600000| Untracked 
|  87|0x0000000085700000, 0x0000000085800000, 0x0000000085800000|100%| O|  |TAMS 0x0000000085800000, 0x0000000085700000| Untracked 
|  88|0x0000000085800000, 0x0000000085900000, 0x0000000085900000|100%| O|  |TAMS 0x0000000085900000, 0x0000000085800000| Untracked 
|  89|0x0000000085900000, 0x0000000085a00000, 0x0000000085a00000|100%| O|  |TAMS 0x0000000085a00000, 0x0000000085900000| Untracked 
|  90|0x0000000085a00000, 0x0000000085b00000, 0x0000000085b00000|100%| O|  |TAMS 0x0000000085b00000, 0x0000000085a00000| Untracked 
|  91|0x0000000085b00000, 0x0000000085c00000, 0x0000000085c00000|100%| O|  |TAMS 0x0000000085c00000, 0x0000000085b00000| Untracked 
|  92|0x0000000085c00000, 0x0000000085d00000, 0x0000000085d00000|100%| O|  |TAMS 0x0000000085d00000, 0x0000000085c00000| Untracked 
|  93|0x0000000085d00000, 0x0000000085e00000, 0x0000000085e00000|100%| O|  |TAMS 0x0000000085e00000, 0x0000000085d00000| Untracked 
|  94|0x0000000085e00000, 0x0000000085f00000, 0x0000000085f00000|100%| O|  |TAMS 0x0000000085f00000, 0x0000000085e00000| Untracked 
|  95|0x0000000085f00000, 0x0000000086000000, 0x0000000086000000|100%| O|  |TAMS 0x0000000086000000, 0x0000000085f00000| Untracked 
|  96|0x0000000086000000, 0x0000000086100000, 0x0000000086100000|100%| O|  |TAMS 0x0000000086100000, 0x0000000086000000| Untracked 
|  97|0x0000000086100000, 0x0000000086200000, 0x0000000086200000|100%| O|  |TAMS 0x0000000086200000, 0x0000000086100000| Untracked 
|  98|0x0000000086200000, 0x0000000086300000, 0x0000000086300000|100%| O|  |TAMS 0x0000000086300000, 0x0000000086200000| Untracked 
|  99|0x0000000086300000, 0x0000000086400000, 0x0000000086400000|100%| O|  |TAMS 0x0000000086400000, 0x0000000086300000| Untracked 
| 100|0x0000000086400000, 0x0000000086500000, 0x0000000086500000|100%| O|  |TAMS 0x0000000086500000, 0x0000000086400000| Untracked 
| 101|0x0000000086500000, 0x0000000086600000, 0x0000000086600000|100%| O|  |TAMS 0x0000000086600000, 0x0000000086500000| Untracked 
| 102|0x0000000086600000, 0x0000000086700000, 0x0000000086700000|100%| O|  |TAMS 0x0000000086700000, 0x0000000086600000| Untracked 
| 103|0x0000000086700000, 0x0000000086800000, 0x0000000086800000|100%| O|  |TAMS 0x0000000086800000, 0x0000000086700000| Untracked 
| 104|0x0000000086800000, 0x0000000086900000, 0x0000000086900000|100%|HS|  |TAMS 0x0000000086800000, 0x0000000086800000| Complete 
| 105|0x0000000086900000, 0x0000000086a00000, 0x0000000086a00000|100%|HS|  |TAMS 0x0000000086a00000, 0x0000000086900000| Complete 
| 106|0x0000000086a00000, 0x0000000086b00000, 0x0000000086b00000|100%|HS|  |TAMS 0x0000000086b00000, 0x0000000086a00000| Complete 
| 107|0x0000000086b00000, 0x0000000086c00000, 0x0000000086c00000|100%|HS|  |TAMS 0x0000000086c00000, 0x0000000086b00000| Complete 
| 108|0x0000000086c00000, 0x0000000086d00000, 0x0000000086d00000|100%|HC|  |TAMS 0x0000000086d00000, 0x0000000086c00000| Complete 
| 109|0x0000000086d00000, 0x0000000086e00000, 0x0000000086e00000|100%| O|  |TAMS 0x0000000086e00000, 0x0000000086d00000| Untracked 
| 110|0x0000000086e00000, 0x0000000086f00000, 0x0000000086f00000|100%| O|  |TAMS 0x0000000086f00000, 0x0000000086e00000| Untracked 
| 111|0x0000000086f00000, 0x0000000087000000, 0x0000000087000000|100%| O|  |TAMS 0x0000000087000000, 0x0000000086f00000| Untracked 
| 112|0x0000000087000000, 0x0000000087100000, 0x0000000087100000|100%| O|  |TAMS 0x0000000087100000, 0x0000000087000000| Untracked 
| 113|0x0000000087100000, 0x0000000087200000, 0x0000000087200000|100%| O|  |TAMS 0x0000000087200000, 0x0000000087100000| Untracked 
| 114|0x0000000087200000, 0x0000000087300000, 0x0000000087300000|100%| O|  |TAMS 0x0000000087300000, 0x0000000087200000| Untracked 
| 115|0x0000000087300000, 0x0000000087400000, 0x0000000087400000|100%| O|  |TAMS 0x0000000087400000, 0x0000000087300000| Untracked 
| 116|0x0000000087400000, 0x0000000087500000, 0x0000000087500000|100%| O|  |TAMS 0x0000000087500000, 0x0000000087400000| Untracked 
| 117|0x0000000087500000, 0x0000000087600000, 0x0000000087600000|100%| O|  |TAMS 0x0000000087600000, 0x0000000087500000| Untracked 
| 118|0x0000000087600000, 0x0000000087700000, 0x0000000087700000|100%| O|  |TAMS 0x0000000087642600, 0x0000000087600000| Untracked 
| 119|0x0000000087700000, 0x0000000087800000, 0x0000000087800000|100%| O|  |TAMS 0x0000000087700000, 0x0000000087700000| Untracked 
| 120|0x0000000087800000, 0x0000000087900000, 0x0000000087900000|100%| O|  |TAMS 0x0000000087800000, 0x0000000087800000| Untracked 
| 121|0x0000000087900000, 0x0000000087a00000, 0x0000000087a00000|100%| O|  |TAMS 0x0000000087900000, 0x0000000087900000| Untracked 
| 122|0x0000000087a00000, 0x0000000087b00000, 0x0000000087b00000|100%| O|  |TAMS 0x0000000087a00000, 0x0000000087a00000| Untracked 
| 123|0x0000000087b00000, 0x0000000087c00000, 0x0000000087c00000|100%| O|  |TAMS 0x0000000087b00000, 0x0000000087b00000| Untracked 
| 124|0x0000000087c00000, 0x0000000087d00000, 0x0000000087d00000|100%| O|  |TAMS 0x0000000087c00000, 0x0000000087c00000| Untracked 
| 125|0x0000000087d00000, 0x0000000087e00000, 0x0000000087e00000|100%| O|  |TAMS 0x0000000087d00000, 0x0000000087d00000| Untracked 
| 126|0x0000000087e00000, 0x0000000087f00000, 0x0000000087f00000|100%|HS|  |TAMS 0x0000000087e00000, 0x0000000087e00000| Complete 
| 127|0x0000000087f00000, 0x0000000088000000, 0x0000000088000000|100%| O|  |TAMS 0x0000000087f00000, 0x0000000087f00000| Untracked 
| 128|0x0000000088000000, 0x0000000088100000, 0x0000000088100000|100%| O|  |TAMS 0x0000000088000000, 0x0000000088000000| Untracked 
| 129|0x0000000088100000, 0x0000000088200000, 0x0000000088200000|100%| O|  |TAMS 0x0000000088100000, 0x0000000088100000| Untracked 
| 130|0x0000000088200000, 0x0000000088300000, 0x0000000088300000|100%| O|  |TAMS 0x0000000088200000, 0x0000000088200000| Untracked 
| 131|0x0000000088300000, 0x0000000088400000, 0x0000000088400000|100%| O|  |TAMS 0x0000000088300000, 0x0000000088300000| Untracked 
| 132|0x0000000088400000, 0x0000000088500000, 0x0000000088500000|100%| O|  |TAMS 0x0000000088400000, 0x0000000088400000| Untracked 
| 133|0x0000000088500000, 0x0000000088600000, 0x0000000088600000|100%| O|  |TAMS 0x0000000088500000, 0x0000000088500000| Untracked 
| 134|0x0000000088600000, 0x0000000088700000, 0x0000000088700000|100%| O|  |TAMS 0x0000000088600000, 0x0000000088600000| Untracked 
| 135|0x0000000088700000, 0x0000000088800000, 0x0000000088800000|100%| O|  |TAMS 0x0000000088700000, 0x0000000088700000| Untracked 
| 136|0x0000000088800000, 0x0000000088900000, 0x0000000088900000|100%| O|  |TAMS 0x0000000088800000, 0x0000000088800000| Untracked 
| 137|0x0000000088900000, 0x0000000088a00000, 0x0000000088a00000|100%| O|  |TAMS 0x0000000088900000, 0x0000000088900000| Untracked 
| 138|0x0000000088a00000, 0x0000000088b00000, 0x0000000088b00000|100%| O|  |TAMS 0x0000000088a00000, 0x0000000088a00000| Untracked 
| 139|0x0000000088b00000, 0x0000000088c00000, 0x0000000088c00000|100%| O|  |TAMS 0x0000000088b00000, 0x0000000088b00000| Untracked 
| 140|0x0000000088c00000, 0x0000000088d00000, 0x0000000088d00000|100%| O|  |TAMS 0x0000000088c00000, 0x0000000088c00000| Untracked 
| 141|0x0000000088d00000, 0x0000000088e00000, 0x0000000088e00000|100%| O|  |TAMS 0x0000000088d00000, 0x0000000088d00000| Untracked 
| 142|0x0000000088e00000, 0x0000000088f00000, 0x0000000088f00000|100%| O|  |TAMS 0x0000000088e00000, 0x0000000088e00000| Untracked 
| 143|0x0000000088f00000, 0x0000000089000000, 0x0000000089000000|100%| O|  |TAMS 0x0000000088f00000, 0x0000000088f00000| Untracked 
| 144|0x0000000089000000, 0x0000000089100000, 0x0000000089100000|100%| O|  |TAMS 0x0000000089000000, 0x0000000089000000| Untracked 
| 145|0x0000000089100000, 0x0000000089200000, 0x0000000089200000|100%| O|  |TAMS 0x0000000089100000, 0x0000000089100000| Untracked 
| 146|0x0000000089200000, 0x0000000089300000, 0x0000000089300000|100%| O|  |TAMS 0x0000000089200000, 0x0000000089200000| Untracked 
| 147|0x0000000089300000, 0x0000000089400000, 0x0000000089400000|100%| O|  |TAMS 0x0000000089300000, 0x0000000089300000| Untracked 
| 148|0x0000000089400000, 0x0000000089500000, 0x0000000089500000|100%| O|  |TAMS 0x0000000089400000, 0x0000000089400000| Untracked 
| 149|0x0000000089500000, 0x0000000089600000, 0x0000000089600000|100%| O|  |TAMS 0x0000000089500000, 0x0000000089500000| Untracked 
| 150|0x0000000089600000, 0x0000000089700000, 0x0000000089700000|100%| O|  |TAMS 0x0000000089600000, 0x0000000089600000| Untracked 
| 151|0x0000000089700000, 0x0000000089800000, 0x0000000089800000|100%| O|  |TAMS 0x0000000089700000, 0x0000000089700000| Untracked 
| 152|0x0000000089800000, 0x0000000089900000, 0x0000000089900000|100%| O|  |TAMS 0x0000000089800000, 0x0000000089800000| Untracked 
| 153|0x0000000089900000, 0x0000000089a00000, 0x0000000089a00000|100%| O|  |TAMS 0x0000000089900000, 0x0000000089900000| Untracked 
| 154|0x0000000089a00000, 0x0000000089b00000, 0x0000000089b00000|100%| O|  |TAMS 0x0000000089a00000, 0x0000000089a00000| Untracked 
| 155|0x0000000089b00000, 0x0000000089c00000, 0x0000000089c00000|100%| O|  |TAMS 0x0000000089b00000, 0x0000000089b00000| Untracked 
| 156|0x0000000089c00000, 0x0000000089d00000, 0x0000000089d00000|100%| O|  |TAMS 0x0000000089c00000, 0x0000000089c00000| Untracked 
| 157|0x0000000089d00000, 0x0000000089e00000, 0x0000000089e00000|100%| O|  |TAMS 0x0000000089d00000, 0x0000000089d00000| Untracked 
| 158|0x0000000089e00000, 0x0000000089f00000, 0x0000000089f00000|100%| O|  |TAMS 0x0000000089e00000, 0x0000000089e00000| Untracked 
| 159|0x0000000089f00000, 0x000000008a000000, 0x000000008a000000|100%|HS|  |TAMS 0x0000000089f00000, 0x0000000089f00000| Complete 
| 160|0x000000008a000000, 0x000000008a100000, 0x000000008a100000|100%| O|  |TAMS 0x000000008a000000, 0x000000008a000000| Untracked 
| 161|0x000000008a100000, 0x000000008a200000, 0x000000008a200000|100%| O|  |TAMS 0x000000008a100000, 0x000000008a100000| Untracked 
| 162|0x000000008a200000, 0x000000008a300000, 0x000000008a300000|100%| O|  |TAMS 0x000000008a200000, 0x000000008a200000| Untracked 
| 163|0x000000008a300000, 0x000000008a400000, 0x000000008a400000|100%| O|  |TAMS 0x000000008a300000, 0x000000008a300000| Untracked 
| 164|0x000000008a400000, 0x000000008a500000, 0x000000008a500000|100%| O|  |TAMS 0x000000008a400000, 0x000000008a400000| Untracked 
| 165|0x000000008a500000, 0x000000008a600000, 0x000000008a600000|100%| O|  |TAMS 0x000000008a500000, 0x000000008a500000| Untracked 
| 166|0x000000008a600000, 0x000000008a700000, 0x000000008a700000|100%|HS|  |TAMS 0x000000008a600000, 0x000000008a600000| Complete 
| 167|0x000000008a700000, 0x000000008a800000, 0x000000008a800000|100%|HC|  |TAMS 0x000000008a700000, 0x000000008a700000| Complete 
| 168|0x000000008a800000, 0x000000008a900000, 0x000000008a900000|100%|HS|  |TAMS 0x000000008a800000, 0x000000008a800000| Complete 
| 169|0x000000008a900000, 0x000000008aa00000, 0x000000008aa00000|100%|HC|  |TAMS 0x000000008a900000, 0x000000008a900000| Complete 
| 170|0x000000008aa00000, 0x000000008ab00000, 0x000000008ab00000|100%| O|  |TAMS 0x000000008aa00000, 0x000000008aa00000| Untracked 
| 171|0x000000008ab00000, 0x000000008ac00000, 0x000000008ac00000|100%| O|  |TAMS 0x000000008ab00000, 0x000000008ab00000| Untracked 
| 172|0x000000008ac00000, 0x000000008ad00000, 0x000000008ad00000|100%| O|  |TAMS 0x000000008ac00000, 0x000000008ac00000| Untracked 
| 173|0x000000008ad00000, 0x000000008ae00000, 0x000000008ae00000|100%| O|  |TAMS 0x000000008ad00000, 0x000000008ad00000| Untracked 
| 174|0x000000008ae00000, 0x000000008af00000, 0x000000008af00000|100%| O|  |TAMS 0x000000008ae00000, 0x000000008ae00000| Untracked 
| 175|0x000000008af00000, 0x000000008b000000, 0x000000008b000000|100%| O|  |TAMS 0x000000008af00000, 0x000000008af00000| Untracked 
| 176|0x000000008b000000, 0x000000008b100000, 0x000000008b100000|100%| O|  |TAMS 0x000000008b000000, 0x000000008b000000| Untracked 
| 177|0x000000008b100000, 0x000000008b200000, 0x000000008b200000|100%| O|  |TAMS 0x000000008b100000, 0x000000008b100000| Untracked 
| 178|0x000000008b200000, 0x000000008b300000, 0x000000008b300000|100%| O|  |TAMS 0x000000008b200000, 0x000000008b200000| Untracked 
| 179|0x000000008b300000, 0x000000008b400000, 0x000000008b400000|100%| O|  |TAMS 0x000000008b300000, 0x000000008b300000| Untracked 
| 180|0x000000008b400000, 0x000000008b500000, 0x000000008b500000|100%|HS|  |TAMS 0x000000008b400000, 0x000000008b400000| Complete 
| 181|0x000000008b500000, 0x000000008b600000, 0x000000008b600000|100%|HS|  |TAMS 0x000000008b500000, 0x000000008b500000| Complete 
| 182|0x000000008b600000, 0x000000008b700000, 0x000000008b700000|100%| O|  |TAMS 0x000000008b600000, 0x000000008b600000| Untracked 
| 183|0x000000008b700000, 0x000000008b800000, 0x000000008b800000|100%| O|  |TAMS 0x000000008b700000, 0x000000008b700000| Untracked 
| 184|0x000000008b800000, 0x000000008b900000, 0x000000008b900000|100%| O|  |TAMS 0x000000008b800000, 0x000000008b800000| Untracked 
| 185|0x000000008b900000, 0x000000008ba00000, 0x000000008ba00000|100%| O|  |TAMS 0x000000008b900000, 0x000000008b900000| Untracked 
| 186|0x000000008ba00000, 0x000000008bb00000, 0x000000008bb00000|100%| O|  |TAMS 0x000000008ba00000, 0x000000008ba00000| Untracked 
| 187|0x000000008bb00000, 0x000000008bc00000, 0x000000008bc00000|100%| O|  |TAMS 0x000000008bb00000, 0x000000008bb00000| Untracked 
| 188|0x000000008bc00000, 0x000000008bd00000, 0x000000008bd00000|100%| O|  |TAMS 0x000000008bc00000, 0x000000008bc00000| Untracked 
| 189|0x000000008bd00000, 0x000000008be00000, 0x000000008be00000|100%| O|  |TAMS 0x000000008bd00000, 0x000000008bd00000| Untracked 
| 190|0x000000008be00000, 0x000000008bf00000, 0x000000008bf00000|100%| O|  |TAMS 0x000000008be00000, 0x000000008be00000| Untracked 
| 191|0x000000008bf00000, 0x000000008c000000, 0x000000008c000000|100%| O|  |TAMS 0x000000008bf00000, 0x000000008bf00000| Untracked 
| 192|0x000000008c000000, 0x000000008c100000, 0x000000008c100000|100%| O|  |TAMS 0x000000008c000000, 0x000000008c000000| Untracked 
| 193|0x000000008c100000, 0x000000008c200000, 0x000000008c200000|100%| O|  |TAMS 0x000000008c100000, 0x000000008c100000| Untracked 
| 194|0x000000008c200000, 0x000000008c300000, 0x000000008c300000|100%| O|  |TAMS 0x000000008c200000, 0x000000008c200000| Untracked 
| 195|0x000000008c300000, 0x000000008c400000, 0x000000008c400000|100%| O|  |TAMS 0x000000008c300000, 0x000000008c300000| Untracked 
| 196|0x000000008c400000, 0x000000008c500000, 0x000000008c500000|100%| O|  |TAMS 0x000000008c400000, 0x000000008c400000| Untracked 
| 197|0x000000008c500000, 0x000000008c600000, 0x000000008c600000|100%| O|  |TAMS 0x000000008c500000, 0x000000008c500000| Untracked 
| 198|0x000000008c600000, 0x000000008c700000, 0x000000008c700000|100%| O|  |TAMS 0x000000008c600000, 0x000000008c600000| Untracked 
| 199|0x000000008c700000, 0x000000008c800000, 0x000000008c800000|100%| O|  |TAMS 0x000000008c700000, 0x000000008c700000| Untracked 
| 200|0x000000008c800000, 0x000000008c900000, 0x000000008c900000|100%| O|  |TAMS 0x000000008c800000, 0x000000008c800000| Untracked 
| 201|0x000000008c900000, 0x000000008ca00000, 0x000000008ca00000|100%| O|  |TAMS 0x000000008c900000, 0x000000008c900000| Untracked 
| 202|0x000000008ca00000, 0x000000008cb00000, 0x000000008cb00000|100%| O|  |TAMS 0x000000008ca00000, 0x000000008ca00000| Untracked 
| 203|0x000000008cb00000, 0x000000008cc00000, 0x000000008cc00000|100%| O|  |TAMS 0x000000008cb00000, 0x000000008cb00000| Untracked 
| 204|0x000000008cc00000, 0x000000008cd00000, 0x000000008cd00000|100%| O|  |TAMS 0x000000008cc00000, 0x000000008cc00000| Untracked 
| 205|0x000000008cd00000, 0x000000008ce00000, 0x000000008ce00000|100%| O|  |TAMS 0x000000008cd00000, 0x000000008cd00000| Untracked 
| 206|0x000000008ce00000, 0x000000008cf00000, 0x000000008cf00000|100%| O|  |TAMS 0x000000008ce00000, 0x000000008ce00000| Untracked 
| 207|0x000000008cf00000, 0x000000008d000000, 0x000000008d000000|100%| O|  |TAMS 0x000000008cf00000, 0x000000008cf00000| Untracked 
| 208|0x000000008d000000, 0x000000008d100000, 0x000000008d100000|100%| O|  |TAMS 0x000000008d000000, 0x000000008d000000| Untracked 
| 209|0x000000008d100000, 0x000000008d200000, 0x000000008d200000|100%| O|  |TAMS 0x000000008d100000, 0x000000008d100000| Untracked 
| 210|0x000000008d200000, 0x000000008d300000, 0x000000008d300000|100%| O|  |TAMS 0x000000008d200000, 0x000000008d200000| Untracked 
| 211|0x000000008d300000, 0x000000008d400000, 0x000000008d400000|100%| O|  |TAMS 0x000000008d300000, 0x000000008d300000| Untracked 
| 212|0x000000008d400000, 0x000000008d500000, 0x000000008d500000|100%| O|  |TAMS 0x000000008d400000, 0x000000008d400000| Untracked 
| 213|0x000000008d500000, 0x000000008d600000, 0x000000008d600000|100%| O|  |TAMS 0x000000008d500000, 0x000000008d500000| Untracked 
| 214|0x000000008d600000, 0x000000008d700000, 0x000000008d700000|100%| O|  |TAMS 0x000000008d600000, 0x000000008d600000| Untracked 
| 215|0x000000008d700000, 0x000000008d800000, 0x000000008d800000|100%| O|  |TAMS 0x000000008d700000, 0x000000008d700000| Untracked 
| 216|0x000000008d800000, 0x000000008d900000, 0x000000008d900000|100%| O|  |TAMS 0x000000008d800000, 0x000000008d800000| Untracked 
| 217|0x000000008d900000, 0x000000008da00000, 0x000000008da00000|100%| O|  |TAMS 0x000000008d900000, 0x000000008d900000| Untracked 
| 218|0x000000008da00000, 0x000000008db00000, 0x000000008db00000|100%| O|  |TAMS 0x000000008da00000, 0x000000008da00000| Untracked 
| 219|0x000000008db00000, 0x000000008dc00000, 0x000000008dc00000|100%| O|  |TAMS 0x000000008db00000, 0x000000008db00000| Untracked 
| 220|0x000000008dc00000, 0x000000008dd00000, 0x000000008dd00000|100%| O|  |TAMS 0x000000008dc00000, 0x000000008dc00000| Untracked 
| 221|0x000000008dd00000, 0x000000008de00000, 0x000000008de00000|100%| O|  |TAMS 0x000000008dd00000, 0x000000008dd00000| Untracked 
| 222|0x000000008de00000, 0x000000008df00000, 0x000000008df00000|100%| O|  |TAMS 0x000000008de00000, 0x000000008de00000| Untracked 
| 223|0x000000008df00000, 0x000000008e000000, 0x000000008e000000|100%| O|  |TAMS 0x000000008df00000, 0x000000008df00000| Untracked 
| 224|0x000000008e000000, 0x000000008e100000, 0x000000008e100000|100%| O|  |TAMS 0x000000008e000000, 0x000000008e000000| Untracked 
| 225|0x000000008e100000, 0x000000008e200000, 0x000000008e200000|100%| O|  |TAMS 0x000000008e100000, 0x000000008e100000| Untracked 
| 226|0x000000008e200000, 0x000000008e300000, 0x000000008e300000|100%| O|  |TAMS 0x000000008e200000, 0x000000008e200000| Untracked 
| 227|0x000000008e300000, 0x000000008e400000, 0x000000008e400000|100%| O|  |TAMS 0x000000008e300000, 0x000000008e300000| Untracked 
| 228|0x000000008e400000, 0x000000008e500000, 0x000000008e500000|100%| O|  |TAMS 0x000000008e400000, 0x000000008e400000| Untracked 
| 229|0x000000008e500000, 0x000000008e600000, 0x000000008e600000|100%| O|  |TAMS 0x000000008e500000, 0x000000008e500000| Untracked 
| 230|0x000000008e600000, 0x000000008e700000, 0x000000008e700000|100%|HS|  |TAMS 0x000000008e600000, 0x000000008e600000| Complete 
| 231|0x000000008e700000, 0x000000008e800000, 0x000000008e800000|100%|HC|  |TAMS 0x000000008e700000, 0x000000008e700000| Complete 
| 232|0x000000008e800000, 0x000000008e900000, 0x000000008e900000|100%|HS|  |TAMS 0x000000008e800000, 0x000000008e800000| Complete 
| 233|0x000000008e900000, 0x000000008ea00000, 0x000000008ea00000|100%|HC|  |TAMS 0x000000008e900000, 0x000000008e900000| Complete 
| 234|0x000000008ea00000, 0x000000008eabd600, 0x000000008eb00000| 73%| O|  |TAMS 0x000000008ea00000, 0x000000008ea00000| Untracked 
| 235|0x000000008eb00000, 0x000000008eb00000, 0x000000008ec00000|  0%| F|  |TAMS 0x000000008eb00000, 0x000000008eb00000| Untracked 
| 236|0x000000008ec00000, 0x000000008ec00000, 0x000000008ed00000|  0%| F|  |TAMS 0x000000008ec00000, 0x000000008ec00000| Untracked 
| 237|0x000000008ed00000, 0x000000008ed00000, 0x000000008ee00000|  0%| F|  |TAMS 0x000000008ed00000, 0x000000008ed00000| Untracked 
| 238|0x000000008ee00000, 0x000000008ee00000, 0x000000008ef00000|  0%| F|  |TAMS 0x000000008ee00000, 0x000000008ee00000| Untracked 
| 239|0x000000008ef00000, 0x000000008ef00000, 0x000000008f000000|  0%| F|  |TAMS 0x000000008ef00000, 0x000000008ef00000| Untracked 
| 240|0x000000008f000000, 0x000000008f000000, 0x000000008f100000|  0%| F|  |TAMS 0x000000008f000000, 0x000000008f000000| Untracked 
| 241|0x000000008f100000, 0x000000008f100000, 0x000000008f200000|  0%| F|  |TAMS 0x000000008f100000, 0x000000008f100000| Untracked 
| 242|0x000000008f200000, 0x000000008f200000, 0x000000008f300000|  0%| F|  |TAMS 0x000000008f200000, 0x000000008f200000| Untracked 
| 243|0x000000008f300000, 0x000000008f300000, 0x000000008f400000|  0%| F|  |TAMS 0x000000008f300000, 0x000000008f300000| Untracked 
| 244|0x000000008f400000, 0x000000008f400000, 0x000000008f500000|  0%| F|  |TAMS 0x000000008f400000, 0x000000008f400000| Untracked 
| 245|0x000000008f500000, 0x000000008f500000, 0x000000008f600000|  0%| F|  |TAMS 0x000000008f500000, 0x000000008f500000| Untracked 
| 246|0x000000008f600000, 0x000000008f600000, 0x000000008f700000|  0%| F|  |TAMS 0x000000008f600000, 0x000000008f600000| Untracked 
| 247|0x000000008f700000, 0x000000008f700000, 0x000000008f800000|  0%| F|  |TAMS 0x000000008f700000, 0x000000008f700000| Untracked 
| 248|0x000000008f800000, 0x000000008f800000, 0x000000008f900000|  0%| F|  |TAMS 0x000000008f800000, 0x000000008f800000| Untracked 
| 249|0x000000008f900000, 0x000000008f900000, 0x000000008fa00000|  0%| F|  |TAMS 0x000000008f900000, 0x000000008f900000| Untracked 
| 250|0x000000008fa00000, 0x000000008fa00000, 0x000000008fb00000|  0%| F|  |TAMS 0x000000008fa00000, 0x000000008fa00000| Untracked 
| 251|0x000000008fb00000, 0x000000008fb00000, 0x000000008fc00000|  0%| F|  |TAMS 0x000000008fb00000, 0x000000008fb00000| Untracked 
| 252|0x000000008fc00000, 0x000000008fc00000, 0x000000008fd00000|  0%| F|  |TAMS 0x000000008fc00000, 0x000000008fc00000| Untracked 
| 253|0x000000008fd00000, 0x000000008fd00000, 0x000000008fe00000|  0%| F|  |TAMS 0x000000008fd00000, 0x000000008fd00000| Untracked 
| 254|0x000000008fe00000, 0x000000008fe00000, 0x000000008ff00000|  0%| F|  |TAMS 0x000000008fe00000, 0x000000008fe00000| Untracked 
| 255|0x000000008ff00000, 0x000000008ff00000, 0x0000000090000000|  0%| F|  |TAMS 0x000000008ff00000, 0x000000008ff00000| Untracked 
| 256|0x0000000090000000, 0x0000000090000000, 0x0000000090100000|  0%| F|  |TAMS 0x0000000090000000, 0x0000000090000000| Untracked 
| 257|0x0000000090100000, 0x0000000090100000, 0x0000000090200000|  0%| F|  |TAMS 0x0000000090100000, 0x0000000090100000| Untracked 
| 258|0x0000000090200000, 0x0000000090200000, 0x0000000090300000|  0%| F|  |TAMS 0x0000000090200000, 0x0000000090200000| Untracked 
| 259|0x0000000090300000, 0x0000000090300000, 0x0000000090400000|  0%| F|  |TAMS 0x0000000090300000, 0x0000000090300000| Untracked 
| 260|0x0000000090400000, 0x0000000090400000, 0x0000000090500000|  0%| F|  |TAMS 0x0000000090400000, 0x0000000090400000| Untracked 
| 261|0x0000000090500000, 0x0000000090500000, 0x0000000090600000|  0%| F|  |TAMS 0x0000000090500000, 0x0000000090500000| Untracked 
| 262|0x0000000090600000, 0x000000009067a3c0, 0x0000000090700000| 47%| S|CS|TAMS 0x0000000090600000, 0x0000000090600000| Complete 
| 263|0x0000000090700000, 0x0000000090800000, 0x0000000090800000|100%| S|CS|TAMS 0x0000000090700000, 0x0000000090700000| Complete 
| 264|0x0000000090800000, 0x0000000090800000, 0x0000000090900000|  0%| F|  |TAMS 0x0000000090800000, 0x0000000090800000| Untracked 
| 265|0x0000000090900000, 0x0000000090900000, 0x0000000090a00000|  0%| F|  |TAMS 0x0000000090900000, 0x0000000090900000| Untracked 
| 266|0x0000000090a00000, 0x0000000090a00000, 0x0000000090b00000|  0%| F|  |TAMS 0x0000000090a00000, 0x0000000090a00000| Untracked 
| 267|0x0000000090b00000, 0x0000000090c00000, 0x0000000090c00000|100%| S|CS|TAMS 0x0000000090b00000, 0x0000000090b00000| Complete 
| 268|0x0000000090c00000, 0x0000000090d00000, 0x0000000090d00000|100%| S|CS|TAMS 0x0000000090c00000, 0x0000000090c00000| Complete 
| 269|0x0000000090d00000, 0x0000000090d00000, 0x0000000090e00000|  0%| F|  |TAMS 0x0000000090d00000, 0x0000000090d00000| Untracked 
| 270|0x0000000090e00000, 0x0000000090e00000, 0x0000000090f00000|  0%| F|  |TAMS 0x0000000090e00000, 0x0000000090e00000| Untracked 
| 271|0x0000000090f00000, 0x0000000090f00000, 0x0000000091000000|  0%| F|  |TAMS 0x0000000090f00000, 0x0000000090f00000| Untracked 
| 272|0x0000000091000000, 0x0000000091000000, 0x0000000091100000|  0%| F|  |TAMS 0x0000000091000000, 0x0000000091000000| Untracked 
| 273|0x0000000091100000, 0x0000000091100000, 0x0000000091200000|  0%| F|  |TAMS 0x0000000091100000, 0x0000000091100000| Untracked 
| 274|0x0000000091200000, 0x0000000091200000, 0x0000000091300000|  0%| F|  |TAMS 0x0000000091200000, 0x0000000091200000| Untracked 
| 275|0x0000000091300000, 0x0000000091300000, 0x0000000091400000|  0%| F|  |TAMS 0x0000000091300000, 0x0000000091300000| Untracked 
| 276|0x0000000091400000, 0x0000000091400000, 0x0000000091500000|  0%| F|  |TAMS 0x0000000091400000, 0x0000000091400000| Untracked 
| 277|0x0000000091500000, 0x0000000091500000, 0x0000000091600000|  0%| F|  |TAMS 0x0000000091500000, 0x0000000091500000| Untracked 
| 278|0x0000000091600000, 0x0000000091600000, 0x0000000091700000|  0%| F|  |TAMS 0x0000000091600000, 0x0000000091600000| Untracked 
| 279|0x0000000091700000, 0x0000000091700000, 0x0000000091800000|  0%| F|  |TAMS 0x0000000091700000, 0x0000000091700000| Untracked 
| 280|0x0000000091800000, 0x0000000091800000, 0x0000000091900000|  0%| F|  |TAMS 0x0000000091800000, 0x0000000091800000| Untracked 
| 281|0x0000000091900000, 0x0000000091965aa8, 0x0000000091a00000| 39%| E|  |TAMS 0x0000000091900000, 0x0000000091900000| Complete 
| 282|0x0000000091a00000, 0x0000000091b00000, 0x0000000091b00000|100%| E|  |TAMS 0x0000000091a00000, 0x0000000091a00000| Complete 
| 283|0x0000000091b00000, 0x0000000091c00000, 0x0000000091c00000|100%| E|CS|TAMS 0x0000000091b00000, 0x0000000091b00000| Complete 
| 284|0x0000000091c00000, 0x0000000091d00000, 0x0000000091d00000|100%| E|CS|TAMS 0x0000000091c00000, 0x0000000091c00000| Complete 
| 285|0x0000000091d00000, 0x0000000091e00000, 0x0000000091e00000|100%| E|CS|TAMS 0x0000000091d00000, 0x0000000091d00000| Complete 
| 286|0x0000000091e00000, 0x0000000091f00000, 0x0000000091f00000|100%| E|CS|TAMS 0x0000000091e00000, 0x0000000091e00000| Complete 
| 287|0x0000000091f00000, 0x0000000092000000, 0x0000000092000000|100%| E|CS|TAMS 0x0000000091f00000, 0x0000000091f00000| Complete 
| 288|0x0000000092000000, 0x0000000092100000, 0x0000000092100000|100%| E|CS|TAMS 0x0000000092000000, 0x0000000092000000| Complete 
| 289|0x0000000092100000, 0x0000000092200000, 0x0000000092200000|100%| E|CS|TAMS 0x0000000092100000, 0x0000000092100000| Complete 
| 290|0x0000000092200000, 0x0000000092300000, 0x0000000092300000|100%| E|CS|TAMS 0x0000000092200000, 0x0000000092200000| Complete 
| 291|0x0000000092300000, 0x0000000092400000, 0x0000000092400000|100%| E|CS|TAMS 0x0000000092300000, 0x0000000092300000| Complete 

Card table byte_map: [0x0000022a9e4f0000,0x0000022a9e8f0000] _byte_map_base: 0x0000022a9e0f0000

Marking Bits (Prev, Next): (CMBitMap*) 0x0000022a87322a20, (CMBitMap*) 0x0000022a873229e0
 Prev Bits: [0x0000022aa0cf0000, 0x0000022aa2cf0000)
 Next Bits: [0x0000022a9ecf0000, 0x0000022aa0cf0000)

Polling page: 0x0000022a852b0000

Metaspace:

Usage:
  Non-class:     95.82 MB used.
      Class:     15.35 MB used.
       Both:    111.17 MB used.

Virtual space:
  Non-class space:      128.00 MB reserved,      96.50 MB ( 75%) committed,  2 nodes.
      Class space:      416.00 MB reserved,      16.00 MB (  4%) committed,  1 nodes.
             Both:      544.00 MB reserved,     112.50 MB ( 21%) committed. 

Chunk freelists:
   Non-Class:  15.33 MB
       Class:  15.99 MB
        Both:  31.32 MB

MaxMetaspaceSize: 512.00 MB
CompressedClassSpaceSize: 416.00 MB
Initial GC threshold: 21.00 MB
Current GC threshold: 160.44 MB
CDS: on
MetaspaceReclaimPolicy: balanced
 - commit_granule_bytes: 65536.
 - commit_granule_words: 8192.
 - virtual_space_node_default_size: 8388608.
 - enlarge_chunks_in_place: 1.
 - new_chunks_are_fully_committed: 0.
 - uncommit_free_chunks: 1.
 - use_allocation_guard: 0.
 - handle_deallocations: 1.


Internal statistics:

num_allocs_failed_limit: 6.
num_arena_births: 1666.
num_arena_deaths: 0.
num_vsnodes_births: 3.
num_vsnodes_deaths: 0.
num_space_committed: 1799.
num_space_uncommitted: 0.
num_chunks_returned_to_freelist: 6.
num_chunks_taken_from_freelist: 6687.
num_chunk_merges: 6.
num_chunk_splits: 4235.
num_chunks_enlarged: 2616.
num_inconsistent_stats: 0.

CodeHeap 'non-profiled nmethods': size=120000Kb used=11047Kb max_used=11047Kb free=108952Kb
 bounds [0x0000022a96890000, 0x0000022a97360000, 0x0000022a9ddc0000]
CodeHeap 'profiled nmethods': size=120000Kb used=28572Kb max_used=29010Kb free=91428Kb
 bounds [0x0000022a8edc0000, 0x0000022a90a20000, 0x0000022a962f0000]
CodeHeap 'non-nmethods': size=5760Kb used=2466Kb max_used=2635Kb free=3293Kb
 bounds [0x0000022a962f0000, 0x0000022a965a0000, 0x0000022a96890000]
 total_blobs=15740 nmethods=14739 adapters=912
 compilation: enabled
              stopped_count=0, restarted_count=0
 full_count=0

Compilation events (20 events):
Event: 54.145 Thread 0x0000022aa5769530 17628       1       org.gradle.api.internal.tasks.TaskExecutionOutcome::getMessage (5 bytes)
Event: 54.145 Thread 0x0000022aa5769530 nmethod 17628 0x0000022a97125010 code [0x0000022a971251a0, 0x0000022a97125278]
Event: 54.146 Thread 0x0000022aa5769530 17629       1       com.android.tools.analytics.CommonMetricsData$GarbageCollectionStatsDiffs::setCollections (6 bytes)
Event: 54.146 Thread 0x0000022aa5769530 nmethod 17629 0x0000022a97124d10 code [0x0000022a97124ea0, 0x0000022a97124f78]
Event: 54.146 Thread 0x0000022aa5769530 17631       3       com.android.tools.analytics.StubbableLazy::getValue (11 bytes)
Event: 54.147 Thread 0x0000022aa5769530 nmethod 17631 0x0000022a8ef7a610 code [0x0000022a8ef7a820, 0x0000022a8ef7ade8]
Event: 54.147 Thread 0x0000022aa5769530 17630       1       com.android.tools.analytics.CommonMetricsData$GarbageCollectionStatsDiffs::setTime (6 bytes)
Event: 54.147 Thread 0x0000022aa5769530 nmethod 17630 0x0000022a97124a10 code [0x0000022a97124ba0, 0x0000022a97124c78]
Event: 54.157 Thread 0x0000022aa5769530 17632       3       org.gradle.execution.plan.edges.DependencyNodesSet$1::getDependencySuccessors (4 bytes)
Event: 54.157 Thread 0x0000022aa5769530 nmethod 17632 0x0000022a8ff52890 code [0x0000022a8ff52a20, 0x0000022a8ff52b98]
Event: 54.157 Thread 0x0000022aa5769530 17633       3       org.gradle.internal.operations.DefaultBuildOperationAncestryTracker::findClosestMatchingAncestor (42 bytes)
Event: 54.158 Thread 0x0000022aa5769530 nmethod 17633 0x0000022a8ee18210 code [0x0000022a8ee18440, 0x0000022a8ee18c98]
Event: 54.158 Thread 0x0000022aa5769530 17636       3       org.gradle.api.internal.tasks.properties.DefaultCacheableOutputFilePropertySpec::getPropertyName (39 bytes)
Event: 54.158 Thread 0x0000022aa5769530 nmethod 17636 0x0000022a8ef9be90 code [0x0000022a8ef9c0c0, 0x0000022a8ef9c6c8]
Event: 54.158 Thread 0x0000022aa5769530 17634       1       org.gradle.internal.build.event.types.DefaultTaskDescriptor::getId (5 bytes)
Event: 54.159 Thread 0x0000022aa5769530 nmethod 17634 0x0000022a97124710 code [0x0000022a971248a0, 0x0000022a97124978]
Event: 54.159 Thread 0x0000022aa5769530 17635       1       org.gradle.internal.build.event.types.DefaultTaskDescriptor::getDisplayName (5 bytes)
Event: 54.159 Thread 0x0000022aa5769530 nmethod 17635 0x0000022a97124410 code [0x0000022a971245a0, 0x0000022a97124678]
Event: 54.160 Thread 0x0000022ad08856b0 nmethod 17591 0x0000022a97121d90 code [0x0000022a97121fc0, 0x0000022a971237d0]
Event: 54.161 Thread 0x0000022ad08856b0 17622 %     4       org.gradle.execution.plan.DefaultFinalizedExecutionPlan::selectNext @ 61 (255 bytes)

GC Heap History (20 events):
Event: 49.593 GC heap before
{Heap before GC invocations=54 (full 0):
 garbage-first heap   total 299008K, used 250281K [0x0000000080000000, 0x0000000100000000)
  region size 1024K, 42 young (43008K), 6 survivors (6144K)
 Metaspace       used 110000K, committed 111296K, reserved 557056K
  class space    used 15275K, committed 15872K, reserved 425984K
}
Event: 49.602 GC heap after
{Heap after GC invocations=55 (full 0):
 garbage-first heap   total 299008K, used 217628K [0x0000000080000000, 0x0000000100000000)
  region size 1024K, 4 young (4096K), 4 survivors (4096K)
 Metaspace       used 110000K, committed 111296K, reserved 557056K
  class space    used 15275K, committed 15872K, reserved 425984K
}
Event: 50.075 GC heap before
{Heap before GC invocations=55 (full 0):
 garbage-first heap   total 299008K, used 253468K [0x0000000080000000, 0x0000000100000000)
  region size 1024K, 39 young (39936K), 4 survivors (4096K)
 Metaspace       used 110254K, committed 111616K, reserved 557056K
  class space    used 15299K, committed 15936K, reserved 425984K
}
Event: 50.083 GC heap after
{Heap after GC invocations=56 (full 0):
 garbage-first heap   total 299008K, used 221760K [0x0000000080000000, 0x0000000100000000)
  region size 1024K, 5 young (5120K), 5 survivors (5120K)
 Metaspace       used 110254K, committed 111616K, reserved 557056K
  class space    used 15299K, committed 15936K, reserved 425984K
}
Event: 50.549 GC heap before
{Heap before GC invocations=56 (full 0):
 garbage-first heap   total 299008K, used 258624K [0x0000000080000000, 0x0000000100000000)
  region size 1024K, 37 young (37888K), 5 survivors (5120K)
 Metaspace       used 111892K, committed 113216K, reserved 557056K
  class space    used 15390K, committed 16000K, reserved 425984K
}
Event: 50.557 GC heap after
{Heap after GC invocations=57 (full 0):
 garbage-first heap   total 299008K, used 226791K [0x0000000080000000, 0x0000000100000000)
  region size 1024K, 5 young (5120K), 5 survivors (5120K)
 Metaspace       used 111892K, committed 113216K, reserved 557056K
  class space    used 15390K, committed 16000K, reserved 425984K
}
Event: 51.041 GC heap before
{Heap before GC invocations=57 (full 0):
 garbage-first heap   total 299008K, used 254439K [0x0000000080000000, 0x0000000100000000)
  region size 1024K, 33 young (33792K), 5 survivors (5120K)
 Metaspace       used 112870K, committed 114240K, reserved 557056K
  class space    used 15607K, committed 16256K, reserved 425984K
}
Event: 51.048 GC heap after
{Heap after GC invocations=58 (full 0):
 garbage-first heap   total 299008K, used 228758K [0x0000000080000000, 0x0000000100000000)
  region size 1024K, 2 young (2048K), 2 survivors (2048K)
 Metaspace       used 112870K, committed 114240K, reserved 557056K
  class space    used 15607K, committed 16256K, reserved 425984K
}
Event: 51.471 GC heap before
{Heap before GC invocations=58 (full 0):
 garbage-first heap   total 299008K, used 257429K [0x0000000080000000, 0x0000000100000000)
  region size 1024K, 30 young (30720K), 2 survivors (2048K)
 Metaspace       used 113073K, committed 114432K, reserved 557056K
  class space    used 15613K, committed 16256K, reserved 425984K
}
Event: 51.474 GC heap after
{Heap after GC invocations=59 (full 0):
 garbage-first heap   total 299008K, used 229395K [0x0000000080000000, 0x0000000100000000)
  region size 1024K, 3 young (3072K), 3 survivors (3072K)
 Metaspace       used 113073K, committed 114432K, reserved 557056K
  class space    used 15613K, committed 16256K, reserved 425984K
}
Event: 52.171 GC heap before
{Heap before GC invocations=59 (full 0):
 garbage-first heap   total 299008K, used 258067K [0x0000000080000000, 0x0000000100000000)
  region size 1024K, 32 young (32768K), 3 survivors (3072K)
 Metaspace       used 113677K, committed 115008K, reserved 557056K
  class space    used 15709K, committed 16320K, reserved 425984K
}
Event: 52.178 GC heap after
{Heap after GC invocations=60 (full 0):
 garbage-first heap   total 299008K, used 233029K [0x0000000080000000, 0x0000000100000000)
  region size 1024K, 4 young (4096K), 4 survivors (4096K)
 Metaspace       used 113677K, committed 115008K, reserved 557056K
  class space    used 15709K, committed 16320K, reserved 425984K
}
Event: 52.375 GC heap before
{Heap before GC invocations=60 (full 0):
 garbage-first heap   total 299008K, used 257605K [0x0000000080000000, 0x0000000100000000)
  region size 1024K, 29 young (29696K), 4 survivors (4096K)
 Metaspace       used 113709K, committed 115008K, reserved 557056K
  class space    used 15709K, committed 16320K, reserved 425984K
}
Event: 52.382 GC heap after
{Heap after GC invocations=61 (full 0):
 garbage-first heap   total 299008K, used 235489K [0x0000000080000000, 0x0000000100000000)
  region size 1024K, 3 young (3072K), 3 survivors (3072K)
 Metaspace       used 113709K, committed 115008K, reserved 557056K
  class space    used 15709K, committed 16320K, reserved 425984K
}
Event: 52.682 GC heap before
{Heap before GC invocations=61 (full 0):
 garbage-first heap   total 299008K, used 258017K [0x0000000080000000, 0x0000000100000000)
  region size 1024K, 26 young (26624K), 3 survivors (3072K)
 Metaspace       used 113716K, committed 115072K, reserved 557056K
  class space    used 15709K, committed 16320K, reserved 425984K
}
Event: 52.685 GC heap after
{Heap after GC invocations=62 (full 0):
 garbage-first heap   total 299008K, used 236427K [0x0000000080000000, 0x0000000100000000)
  region size 1024K, 4 young (4096K), 4 survivors (4096K)
 Metaspace       used 113716K, committed 115072K, reserved 557056K
  class space    used 15709K, committed 16320K, reserved 425984K
}
Event: 53.319 GC heap before
{Heap before GC invocations=62 (full 0):
 garbage-first heap   total 299008K, used 259979K [0x0000000080000000, 0x0000000100000000)
  region size 1024K, 27 young (27648K), 4 survivors (4096K)
 Metaspace       used 113717K, committed 115072K, reserved 557056K
  class space    used 15709K, committed 16320K, reserved 425984K
}
Event: 53.323 GC heap after
{Heap after GC invocations=63 (full 0):
 garbage-first heap   total 299008K, used 237458K [0x0000000080000000, 0x0000000100000000)
  region size 1024K, 3 young (3072K), 3 survivors (3072K)
 Metaspace       used 113717K, committed 115072K, reserved 557056K
  class space    used 15709K, committed 16320K, reserved 425984K
}
Event: 54.147 GC heap before
{Heap before GC invocations=63 (full 0):
 garbage-first heap   total 299008K, used 264082K [0x0000000080000000, 0x0000000100000000)
  region size 1024K, 26 young (26624K), 3 survivors (3072K)
 Metaspace       used 113813K, committed 115200K, reserved 557056K
  class space    used 15719K, committed 16384K, reserved 425984K
}
Event: 54.153 GC heap after
{Heap after GC invocations=64 (full 0):
 garbage-first heap   total 299008K, used 239838K [0x0000000080000000, 0x0000000100000000)
  region size 1024K, 4 young (4096K), 4 survivors (4096K)
 Metaspace       used 113813K, committed 115200K, reserved 557056K
  class space    used 15719K, committed 16384K, reserved 425984K
}

Dll operation events (14 events):
Event: 0.011 Loaded shared library C:\Program Files\Microsoft\jdk-17.0.8.7-hotspot\bin\java.dll
Event: 0.033 Loaded shared library C:\Program Files\Microsoft\jdk-17.0.8.7-hotspot\bin\jsvml.dll
Event: 0.079 Loaded shared library C:\Program Files\Microsoft\jdk-17.0.8.7-hotspot\bin\zip.dll
Event: 0.084 Loaded shared library C:\Program Files\Microsoft\jdk-17.0.8.7-hotspot\bin\instrument.dll
Event: 0.090 Loaded shared library C:\Program Files\Microsoft\jdk-17.0.8.7-hotspot\bin\net.dll
Event: 0.091 Loaded shared library C:\Program Files\Microsoft\jdk-17.0.8.7-hotspot\bin\nio.dll
Event: 0.094 Loaded shared library C:\Program Files\Microsoft\jdk-17.0.8.7-hotspot\bin\zip.dll
Event: 0.347 Loaded shared library C:\Program Files\Microsoft\jdk-17.0.8.7-hotspot\bin\jimage.dll
Event: 0.440 Loaded shared library C:\Program Files\Microsoft\jdk-17.0.8.7-hotspot\bin\verify.dll
Event: 0.630 Loaded shared library C:\Users\Acer\.gradle\native\68d5fa5c4cc2d200863cafc0d521ce42e7d3e7ee720ec0a83991735586a16f82\windows-amd64\native-platform.dll
Event: 0.657 Loaded shared library C:\Users\Acer\.gradle\native\e376f236ea51e6404a007f0833ffe2c6e607c4080706a723a18a27aeea778392\windows-amd64\native-platform-file-events.dll
Event: 1.761 Loaded shared library C:\Program Files\Microsoft\jdk-17.0.8.7-hotspot\bin\management.dll
Event: 1.765 Loaded shared library C:\Program Files\Microsoft\jdk-17.0.8.7-hotspot\bin\management_ext.dll
Event: 2.242 Loaded shared library C:\Program Files\Microsoft\jdk-17.0.8.7-hotspot\bin\sunmscapi.dll

Deoptimization events (20 events):
Event: 54.010 Thread 0x0000022aca495b50 Uncommon trap: trap_request=0xffffffde fr.pc=0x0000022a9706b0a0 relative=0x0000000000006ea0
Event: 54.010 Thread 0x0000022aca495b50 Uncommon trap: reason=class_check action=maybe_recompile pc=0x0000022a9706b0a0 method=org.gradle.internal.snapshot.impl.AbstractValueProcessor.processValue(Ljava/lang/Object;Lorg/gradle/internal/snapshot/impl/AbstractValueProcessor$ValueVisitor;)Ljava/lan
Event: 54.010 Thread 0x0000022aca495b50 DEOPT PACKING pc=0x0000022a9706b0a0 sp=0x000000b9f68fc990
Event: 54.010 Thread 0x0000022aca495b50 DEOPT UNPACKING pc=0x0000022a963469a3 sp=0x000000b9f68fc990 mode 2
Event: 54.039 Thread 0x0000022aca495130 DEOPT PACKING pc=0x0000022a8f7c0f94 sp=0x000000b9f66fab70
Event: 54.039 Thread 0x0000022aca495130 DEOPT UNPACKING pc=0x0000022a96347143 sp=0x000000b9f66fa078 mode 0
Event: 54.039 Thread 0x0000022aca495130 DEOPT PACKING pc=0x0000022a8f7c0f94 sp=0x000000b9f66faf30
Event: 54.039 Thread 0x0000022aca495130 DEOPT UNPACKING pc=0x0000022a96347143 sp=0x000000b9f66fa438 mode 0
Event: 54.039 Thread 0x0000022aca495130 DEOPT PACKING pc=0x0000022a8f7c0f94 sp=0x000000b9f66fb2f0
Event: 54.039 Thread 0x0000022aca495130 DEOPT UNPACKING pc=0x0000022a96347143 sp=0x000000b9f66fa7f8 mode 0
Event: 54.039 Thread 0x0000022aca495130 DEOPT PACKING pc=0x0000022a8f7c0f94 sp=0x000000b9f66fb6b0
Event: 54.039 Thread 0x0000022aca495130 DEOPT UNPACKING pc=0x0000022a96347143 sp=0x000000b9f66fabb8 mode 0
Event: 54.055 Thread 0x0000022aca495130 Uncommon trap: trap_request=0xffffffc6 fr.pc=0x0000022a96c4e028 relative=0x0000000000000108
Event: 54.055 Thread 0x0000022aca495130 Uncommon trap: reason=bimorphic_or_optimized_type_check action=maybe_recompile pc=0x0000022a96c4e028 method=com.google.common.collect.RegularImmutableMap.checkNoConflictInKeyBucket(Ljava/lang/Object;Ljava/lang/Object;Lcom/google/common/collect/ImmutableMa
Event: 54.055 Thread 0x0000022aca495130 DEOPT PACKING pc=0x0000022a96c4e028 sp=0x000000b9f66fcff0
Event: 54.055 Thread 0x0000022aca495130 DEOPT UNPACKING pc=0x0000022a963469a3 sp=0x000000b9f66fcf88 mode 2
Event: 54.117 Thread 0x0000022aca495b50 Uncommon trap: trap_request=0xffffffc6 fr.pc=0x0000022a96c4e028 relative=0x0000000000000108
Event: 54.117 Thread 0x0000022aca495b50 Uncommon trap: reason=bimorphic_or_optimized_type_check action=maybe_recompile pc=0x0000022a96c4e028 method=com.google.common.collect.RegularImmutableMap.checkNoConflictInKeyBucket(Ljava/lang/Object;Ljava/lang/Object;Lcom/google/common/collect/ImmutableMa
Event: 54.117 Thread 0x0000022aca495b50 DEOPT PACKING pc=0x0000022a96c4e028 sp=0x000000b9f68fcd90
Event: 54.117 Thread 0x0000022aca495b50 DEOPT UNPACKING pc=0x0000022a963469a3 sp=0x000000b9f68fcd28 mode 2

Classes unloaded (0 events):
No events

Classes redefined (0 events):
No events

Internal exceptions (20 events):
Event: 50.764 Thread 0x0000022ad1e2f050 Exception <a 'java/lang/NoSuchMethodError'{0x0000000091cc75b0}: 'java.lang.Object java.lang.invoke.DirectMethodHandle$Holder.invokeSpecialIFC(java.lang.Object, java.lang.Object, java.lang.Object)'> (0x0000000091cc75b0) 
thrown [s\src\hotspot\share\interpreter\linkResolver.cpp, line 759]
Event: 50.764 Thread 0x0000022ad0cca4b0 Exception <a 'java/lang/NoSuchMethodError'{0x0000000091c671b0}: 'java.lang.Object java.lang.invoke.DirectMethodHandle$Holder.invokeSpecialIFC(java.lang.Object, java.lang.Object, java.lang.Object)'> (0x0000000091c671b0) 
thrown [s\src\hotspot\share\interpreter\linkResolver.cpp, line 759]
Event: 50.866 Thread 0x0000022ad1e2f050 Exception <a 'java/lang/NoSuchMethodError'{0x00000000916f2da8}: 'void java.lang.invoke.DirectMethodHandle$Holder.invokeVirtual(java.lang.Object, java.lang.Object)'> (0x00000000916f2da8) 
thrown [s\src\hotspot\share\interpreter\linkResolver.cpp, line 759]
Event: 50.866 Thread 0x0000022ad1e2eb40 Exception <a 'java/lang/NoSuchMethodError'{0x00000000915b2e08}: 'void java.lang.invoke.DirectMethodHandle$Holder.invokeVirtual(java.lang.Object, java.lang.Object)'> (0x00000000915b2e08) 
thrown [s\src\hotspot\share\interpreter\linkResolver.cpp, line 759]
Event: 51.631 Thread 0x0000022aca495b50 Exception <a 'java/lang/ClassNotFoundException'{0x000000009199d428}: groovy/util/FileTreeBuilderBeanInfo> (0x000000009199d428) 
thrown [s\src\hotspot\share\classfile\systemDictionary.cpp, line 256]
Event: 51.632 Thread 0x0000022aca495b50 Exception <a 'java/lang/ClassNotFoundException'{0x00000000918175a8}: groovy/util/FileTreeBuilderCustomizer> (0x00000000918175a8) 
thrown [s\src\hotspot\share\classfile\systemDictionary.cpp, line 256]
Event: 51.637 Thread 0x0000022aca495b50 Exception <a 'java/lang/ClassNotFoundException'{0x00000000918c5408}: java/io/BufferedWriterBeanInfo> (0x00000000918c5408) 
thrown [s\src\hotspot\share\classfile\systemDictionary.cpp, line 256]
Event: 51.637 Thread 0x0000022aca495b50 Exception <a 'java/lang/ClassNotFoundException'{0x00000000918cb1d8}: java/io/WriterBeanInfo> (0x00000000918cb1d8) 
thrown [s\src\hotspot\share\classfile\systemDictionary.cpp, line 256]
Event: 51.637 Thread 0x0000022aca495b50 Exception <a 'java/lang/ClassNotFoundException'{0x00000000918d0c88}: java/io/WriterCustomizer> (0x00000000918d0c88) 
thrown [s\src\hotspot\share\classfile\systemDictionary.cpp, line 256]
Event: 51.638 Thread 0x0000022aca495b50 Exception <a 'java/lang/ClassNotFoundException'{0x00000000918e0258}: java/io/BufferedWriterCustomizer> (0x00000000918e0258) 
thrown [s\src\hotspot\share\classfile\systemDictionary.cpp, line 256]
Event: 51.676 Thread 0x0000022aca495b50 Exception <a 'java/lang/NoSuchMethodError'{0x0000000091601660}: static Lcom/android/build/api/variant/BuildConfigField;.<clinit>()V> (0x0000000091601660) 
thrown [s\src\hotspot\share\prims\jni.cpp, line 1107]
Event: 54.008 Thread 0x0000022aca495b50 Exception <a 'java/lang/NoSuchMethodError'{0x00000000910cb960}: static Lcom/android/build/api/variant/impl/ResValueKeyImpl;.<clinit>()V> (0x00000000910cb960) 
thrown [s\src\hotspot\share\prims\jni.cpp, line 1107]
Event: 54.009 Thread 0x0000022aca495b50 Exception <a 'java/lang/NoSuchMethodError'{0x00000000910da850}: static Lcom/android/build/api/variant/ResValue;.<clinit>()V> (0x00000000910da850) 
thrown [s\src\hotspot\share\prims\jni.cpp, line 1107]
Event: 54.024 Thread 0x0000022aca495130 Exception <a 'sun/nio/fs/WindowsException'{0x0000000090f35b88}> (0x0000000090f35b88) 
thrown [s\src\hotspot\share\prims\jni.cpp, line 516]
Event: 54.050 Thread 0x0000022aca495130 Exception <a 'sun/nio/fs/WindowsException'{0x0000000090fc8c38}> (0x0000000090fc8c38) 
thrown [s\src\hotspot\share\prims\jni.cpp, line 516]
Event: 54.072 Thread 0x0000022aca495130 Exception <a 'sun/nio/fs/WindowsException'{0x0000000090e641b8}> (0x0000000090e641b8) 
thrown [s\src\hotspot\share\prims\jni.cpp, line 516]
Event: 54.091 Thread 0x0000022aca495b50 Exception <a 'sun/nio/fs/WindowsException'{0x0000000090ec84d8}> (0x0000000090ec84d8) 
thrown [s\src\hotspot\share\prims\jni.cpp, line 516]
Event: 54.109 Thread 0x0000022aca495b50 Exception <a 'sun/nio/fs/WindowsException'{0x0000000090d3b9a0}> (0x0000000090d3b9a0) 
thrown [s\src\hotspot\share\prims\jni.cpp, line 516]
Event: 54.127 Thread 0x0000022aca495b50 Exception <a 'sun/nio/fs/WindowsException'{0x0000000090d99798}> (0x0000000090d99798) 
thrown [s\src\hotspot\share\prims\jni.cpp, line 516]
Event: 54.172 Thread 0x0000022aca495b50 Exception <a 'sun/nio/fs/WindowsException'{0x000000009233c6e0}> (0x000000009233c6e0) 
thrown [s\src\hotspot\share\prims\jni.cpp, line 516]

VM Operations (20 events):
Event: 52.084 Executing VM operation: ICBufferFull
Event: 52.086 Executing VM operation: ICBufferFull done
Event: 52.171 Executing VM operation: G1CollectForAllocation
Event: 52.178 Executing VM operation: G1CollectForAllocation done
Event: 52.375 Executing VM operation: G1CollectForAllocation
Event: 52.385 Executing VM operation: G1CollectForAllocation done
Event: 52.681 Executing VM operation: G1CollectForAllocation
Event: 52.685 Executing VM operation: G1CollectForAllocation done
Event: 52.708 Executing VM operation: HandshakeAllThreads
Event: 52.708 Executing VM operation: HandshakeAllThreads done
Event: 53.318 Executing VM operation: G1CollectForAllocation
Event: 53.323 Executing VM operation: G1CollectForAllocation done
Event: 54.035 Executing VM operation: HandshakeAllThreads
Event: 54.036 Executing VM operation: HandshakeAllThreads done
Event: 54.038 Executing VM operation: HandshakeAllThreads
Event: 54.038 Executing VM operation: HandshakeAllThreads done
Event: 54.121 Executing VM operation: ICBufferFull
Event: 54.121 Executing VM operation: ICBufferFull done
Event: 54.147 Executing VM operation: G1CollectForAllocation
Event: 54.154 Executing VM operation: G1CollectForAllocation done

Events (20 events):
Event: 52.744 Thread 0x0000022aa576cae0 flushing nmethod 0x0000022a908c4090
Event: 52.744 Thread 0x0000022aa576cae0 flushing nmethod 0x0000022a908c7b90
Event: 52.744 Thread 0x0000022aa576cae0 flushing nmethod 0x0000022a908c8490
Event: 52.744 Thread 0x0000022aa576cae0 flushing nmethod 0x0000022a908d4090
Event: 52.745 Thread 0x0000022aa576cae0 flushing nmethod 0x0000022a9090bc90
Event: 52.745 Thread 0x0000022aa576cae0 flushing nmethod 0x0000022a9090c010
Event: 52.745 Thread 0x0000022aa576cae0 flushing nmethod 0x0000022a9090c390
Event: 52.745 Thread 0x0000022aa576cae0 flushing nmethod 0x0000022a9090d090
Event: 52.745 Thread 0x0000022aa576cae0 flushing nmethod 0x0000022a9095ff10
Event: 52.745 Thread 0x0000022aa576cae0 flushing nmethod 0x0000022a90960390
Event: 52.745 Thread 0x0000022aa576cae0 flushing nmethod 0x0000022a90960a90
Event: 52.745 Thread 0x0000022aa576cae0 flushing nmethod 0x0000022a90961090
Event: 52.745 Thread 0x0000022aa576cae0 flushing nmethod 0x0000022a90961510
Event: 52.745 Thread 0x0000022aa576cae0 flushing nmethod 0x0000022a90961910
Event: 52.745 Thread 0x0000022aa576cae0 flushing nmethod 0x0000022a90966010
Event: 52.745 Thread 0x0000022aa576cae0 flushing nmethod 0x0000022a90966390
Event: 52.745 Thread 0x0000022aa576cae0 flushing nmethod 0x0000022a90966890
Event: 52.745 Thread 0x0000022aa576cae0 flushing nmethod 0x0000022a90968f90
Event: 52.745 Thread 0x0000022aa576cae0 flushing nmethod 0x0000022a90985790
Event: 52.745 Thread 0x0000022aa576cae0 flushing nmethod 0x0000022a9098ca90


Dynamic libraries:
0x00007ff749a80000 - 0x00007ff749a8e000 	C:\Program Files\Microsoft\jdk-17.0.8.7-hotspot\bin\java.exe
0x00007ffb39a90000 - 0x00007ffb39c88000 	C:\Windows\SYSTEM32\ntdll.dll
0x00007ffb37d40000 - 0x00007ffb37dfd000 	C:\Windows\System32\KERNEL32.DLL
0x00007ffb37790000 - 0x00007ffb37a86000 	C:\Windows\System32\KERNELBASE.dll
0x00007ffb37250000 - 0x00007ffb37350000 	C:\Windows\System32\ucrtbase.dll
0x00007ffb2e5f0000 - 0x00007ffb2e607000 	C:\Program Files\Microsoft\jdk-17.0.8.7-hotspot\bin\jli.dll
0x00007ffb21a00000 - 0x00007ffb21a1b000 	C:\Program Files\Microsoft\jdk-17.0.8.7-hotspot\bin\VCRUNTIME140.dll
0x00007ffb38680000 - 0x00007ffb3881f000 	C:\Windows\System32\USER32.dll
0x00007ffb1b290000 - 0x00007ffb1b52a000 	C:\Windows\WinSxS\amd64_microsoft.windows.common-controls_6595b64144ccf1df_6.0.19041.3636_none_60b6a03d71f818d5\COMCTL32.dll
0x00007ffb37a90000 - 0x00007ffb37ab2000 	C:\Windows\System32\win32u.dll
0x00007ffb37e00000 - 0x00007ffb37e9e000 	C:\Windows\System32\msvcrt.dll
0x00007ffb394b0000 - 0x00007ffb394db000 	C:\Windows\System32\GDI32.dll
0x00007ffb37600000 - 0x00007ffb37717000 	C:\Windows\System32\gdi32full.dll
0x00007ffb37560000 - 0x00007ffb375fd000 	C:\Windows\System32\msvcp_win.dll
0x00007ffb38960000 - 0x00007ffb38992000 	C:\Windows\System32\IMM32.DLL
0x00007ffb2e5e0000 - 0x00007ffb2e5ec000 	C:\Program Files\Microsoft\jdk-17.0.8.7-hotspot\bin\vcruntime140_1.dll
0x00007ffb15360000 - 0x00007ffb153ed000 	C:\Program Files\Microsoft\jdk-17.0.8.7-hotspot\bin\msvcp140.dll
0x00007ffae4e70000 - 0x00007ffae5ad5000 	C:\Program Files\Microsoft\jdk-17.0.8.7-hotspot\bin\server\jvm.dll
0x00007ffb388b0000 - 0x00007ffb38960000 	C:\Windows\System32\ADVAPI32.dll
0x00007ffb39230000 - 0x00007ffb392d0000 	C:\Windows\System32\sechost.dll
0x00007ffb39560000 - 0x00007ffb39683000 	C:\Windows\System32\RPCRT4.dll
0x00007ffb37140000 - 0x00007ffb37167000 	C:\Windows\System32\bcrypt.dll
0x00007ffb2cfd0000 - 0x00007ffb2cfd9000 	C:\Windows\SYSTEM32\WSOCK32.dll
0x00007ffb366a0000 - 0x00007ffb366eb000 	C:\Windows\SYSTEM32\POWRPROF.dll
0x00007ffb2d3a0000 - 0x00007ffb2d3aa000 	C:\Windows\SYSTEM32\VERSION.dll
0x00007ffb19330000 - 0x00007ffb19357000 	C:\Windows\SYSTEM32\WINMM.dll
0x00007ffb38b70000 - 0x00007ffb38bdb000 	C:\Windows\System32\WS2_32.dll
0x00007ffb36510000 - 0x00007ffb36522000 	C:\Windows\SYSTEM32\UMPDC.dll
0x00007ffb35920000 - 0x00007ffb35932000 	C:\Windows\SYSTEM32\kernel.appcore.dll
0x00007ffb2ddc0000 - 0x00007ffb2ddca000 	C:\Program Files\Microsoft\jdk-17.0.8.7-hotspot\bin\jimage.dll
0x00007ffb31e40000 - 0x00007ffb32024000 	C:\Windows\SYSTEM32\DBGHELP.DLL
0x00007ffb2a040000 - 0x00007ffb2a074000 	C:\Windows\SYSTEM32\dbgcore.DLL
0x00007ffb371c0000 - 0x00007ffb37242000 	C:\Windows\System32\bcryptPrimitives.dll
0x00007ffb17600000 - 0x00007ffb1760e000 	C:\Program Files\Microsoft\jdk-17.0.8.7-hotspot\bin\instrument.dll
0x00007ffb20d40000 - 0x00007ffb20d65000 	C:\Program Files\Microsoft\jdk-17.0.8.7-hotspot\bin\java.dll
0x00007ffaf0b50000 - 0x00007ffaf0c27000 	C:\Program Files\Microsoft\jdk-17.0.8.7-hotspot\bin\jsvml.dll
0x00007ffb37f10000 - 0x00007ffb3867b000 	C:\Windows\System32\SHELL32.dll
0x00007ffb35140000 - 0x00007ffb358de000 	C:\Windows\SYSTEM32\windows.storage.dll
0x00007ffb39690000 - 0x00007ffb399e3000 	C:\Windows\System32\combase.dll
0x00007ffb36b70000 - 0x00007ffb36b9e000 	C:\Windows\SYSTEM32\Wldp.dll
0x00007ffb37c70000 - 0x00007ffb37d3d000 	C:\Windows\System32\OLEAUT32.dll
0x00007ffb38ac0000 - 0x00007ffb38b6d000 	C:\Windows\System32\SHCORE.dll
0x00007ffb37ba0000 - 0x00007ffb37bf5000 	C:\Windows\System32\shlwapi.dll
0x00007ffb37070000 - 0x00007ffb37093000 	C:\Windows\SYSTEM32\profapi.dll
0x00007ffb1ef50000 - 0x00007ffb1ef68000 	C:\Program Files\Microsoft\jdk-17.0.8.7-hotspot\bin\zip.dll
0x00007ffb1ef90000 - 0x00007ffb1efa9000 	C:\Program Files\Microsoft\jdk-17.0.8.7-hotspot\bin\net.dll
0x00007ffb2c0a0000 - 0x00007ffb2c1aa000 	C:\Windows\SYSTEM32\WINHTTP.dll
0x00007ffb368b0000 - 0x00007ffb3691a000 	C:\Windows\system32\mswsock.dll
0x00007ffb1ef70000 - 0x00007ffb1ef86000 	C:\Program Files\Microsoft\jdk-17.0.8.7-hotspot\bin\nio.dll
0x00007ffb20d30000 - 0x00007ffb20d40000 	C:\Program Files\Microsoft\jdk-17.0.8.7-hotspot\bin\verify.dll
0x00007ffb16fd0000 - 0x00007ffb16ff7000 	C:\Users\Acer\.gradle\native\68d5fa5c4cc2d200863cafc0d521ce42e7d3e7ee720ec0a83991735586a16f82\windows-amd64\native-platform.dll
0x00007ffaeef90000 - 0x00007ffaef0d4000 	C:\Users\Acer\.gradle\native\e376f236ea51e6404a007f0833ffe2c6e607c4080706a723a18a27aeea778392\windows-amd64\native-platform-file-events.dll
0x00007ffb1eea0000 - 0x00007ffb1eea9000 	C:\Program Files\Microsoft\jdk-17.0.8.7-hotspot\bin\management.dll
0x00007ffb1c7b0000 - 0x00007ffb1c7bb000 	C:\Program Files\Microsoft\jdk-17.0.8.7-hotspot\bin\management_ext.dll
0x00007ffb37c00000 - 0x00007ffb37c08000 	C:\Windows\System32\PSAPI.DLL
0x00007ffb36ac0000 - 0x00007ffb36ad8000 	C:\Windows\SYSTEM32\CRYPTSP.dll
0x00007ffb36140000 - 0x00007ffb36174000 	C:\Windows\system32\rsaenh.dll
0x00007ffb37030000 - 0x00007ffb3705e000 	C:\Windows\SYSTEM32\USERENV.dll
0x00007ffb36ae0000 - 0x00007ffb36aec000 	C:\Windows\SYSTEM32\CRYPTBASE.dll
0x00007ffb36530000 - 0x00007ffb3656b000 	C:\Windows\SYSTEM32\IPHLPAPI.DLL
0x00007ffb37ea0000 - 0x00007ffb37ea8000 	C:\Windows\System32\NSI.dll
0x00007ffb2ba70000 - 0x00007ffb2ba87000 	C:\Windows\SYSTEM32\dhcpcsvc6.DLL
0x00007ffb2b910000 - 0x00007ffb2b92d000 	C:\Windows\SYSTEM32\dhcpcsvc.DLL
0x00007ffb36580000 - 0x00007ffb3664b000 	C:\Windows\SYSTEM32\DNSAPI.dll
0x00007ffb15b10000 - 0x00007ffb15b1e000 	C:\Program Files\Microsoft\jdk-17.0.8.7-hotspot\bin\sunmscapi.dll
0x00007ffb37350000 - 0x00007ffb374ae000 	C:\Windows\System32\CRYPT32.dll
0x00007ffb36be0000 - 0x00007ffb36c08000 	C:\Windows\SYSTEM32\ncrypt.dll
0x00007ffb36ba0000 - 0x00007ffb36bdb000 	C:\Windows\SYSTEM32\NTASN1.dll
0x00007ffb2b3d0000 - 0x00007ffb2b3d7000 	C:\Windows\system32\wshunix.dll
0x00007ffb2cfb0000 - 0x00007ffb2cfba000 	C:\Windows\System32\rasadhlp.dll
0x00007ffb23b90000 - 0x00007ffb23c10000 	C:\Windows\System32\fwpuclnt.dll
0x00007ffb18ef0000 - 0x00007ffb18f07000 	C:\Windows\system32\napinsp.dll
0x00007ffb18ed0000 - 0x00007ffb18eeb000 	C:\Windows\system32\pnrpnsp.dll
0x00007ffb2ed50000 - 0x00007ffb2ed65000 	C:\Windows\system32\wshbth.dll
0x00007ffb2d000000 - 0x00007ffb2d01d000 	C:\Windows\system32\NLAapi.dll
0x00007ffb18eb0000 - 0x00007ffb18ec2000 	C:\Windows\System32\winrnr.dll

dbghelp: loaded successfully - version: 4.0.5 - missing functions: none
symbol engine: initialized successfully - sym options: 0x614 - pdb path: .;C:\Program Files\Microsoft\jdk-17.0.8.7-hotspot\bin;C:\Windows\SYSTEM32;C:\Windows\WinSxS\amd64_microsoft.windows.common-controls_6595b64144ccf1df_6.0.19041.3636_none_60b6a03d71f818d5;C:\Program Files\Microsoft\jdk-17.0.8.7-hotspot\bin\server;C:\Users\Acer\.gradle\native\68d5fa5c4cc2d200863cafc0d521ce42e7d3e7ee720ec0a83991735586a16f82\windows-amd64;C:\Users\Acer\.gradle\native\e376f236ea51e6404a007f0833ffe2c6e607c4080706a723a18a27aeea778392\windows-amd64

VM Arguments:
jvm_args: -XX:MaxMetaspaceSize=512m --add-opens=java.base/java.util=ALL-UNNAMED --add-opens=java.base/java.lang=ALL-UNNAMED --add-opens=java.base/java.lang.invoke=ALL-UNNAMED --add-opens=java.prefs/java.util.prefs=ALL-UNNAMED --add-opens=java.base/java.nio.charset=ALL-UNNAMED --add-opens=java.base/java.net=ALL-UNNAMED --add-opens=java.base/java.util.concurrent.atomic=ALL-UNNAMED -Xmx2048m -Dfile.encoding=windows-1252 -Duser.country=IN -Duser.language=en -Duser.variant -javaagent:C:\Users\Acer\.gradle\wrapper\dists\gradle-8.3-all\6en3ugtfdg5xnpx44z4qbwgas\gradle-8.3\lib\agents\gradle-instrumentation-agent-8.3.jar 
java_command: org.gradle.launcher.daemon.bootstrap.GradleDaemon 8.3
java_class_path (initial): C:\Users\Acer\.gradle\wrapper\dists\gradle-8.3-all\6en3ugtfdg5xnpx44z4qbwgas\gradle-8.3\lib\gradle-launcher-8.3.jar
Launcher Type: SUN_STANDARD

[Global flags]
     intx CICompilerCount                          = 4                                         {product} {ergonomic}
   size_t CompressedClassSpaceSize                 = 436207616                                 {product} {ergonomic}
     uint ConcGCThreads                            = 2                                         {product} {ergonomic}
     uint G1ConcRefinementThreads                  = 8                                         {product} {ergonomic}
   size_t G1HeapRegionSize                         = 1048576                                   {product} {ergonomic}
    uintx GCDrainStackTargetSize                   = 64                                        {product} {ergonomic}
   size_t InitialHeapSize                          = 266338304                                 {product} {ergonomic}
   size_t MarkStackSize                            = 4194304                                   {product} {ergonomic}
   size_t MaxHeapSize                              = 2147483648                                {product} {command line}
   size_t MaxMetaspaceSize                         = 536870912                                 {product} {command line}
   size_t MaxNewSize                               = 1287651328                                {product} {ergonomic}
   size_t MinHeapDeltaBytes                        = 1048576                                   {product} {ergonomic}
   size_t MinHeapSize                              = 8388608                                   {product} {ergonomic}
    uintx NonNMethodCodeHeapSize                   = 5839372                                {pd product} {ergonomic}
    uintx NonProfiledCodeHeapSize                  = 122909434                              {pd product} {ergonomic}
    uintx ProfiledCodeHeapSize                     = 122909434                              {pd product} {ergonomic}
    uintx ReservedCodeCacheSize                    = 251658240                              {pd product} {ergonomic}
     bool SegmentedCodeCache                       = true                                      {product} {ergonomic}
   size_t SoftMaxHeapSize                          = 2147483648                             {manageable} {ergonomic}
     bool UseCompressedClassPointers               = true                           {product lp64_product} {ergonomic}
     bool UseCompressedOops                        = true                           {product lp64_product} {ergonomic}
     bool UseG1GC                                  = true                                      {product} {ergonomic}
     bool UseLargePagesIndividualAllocation        = false                                  {pd product} {ergonomic}

Logging:
Log output configuration:
 #0: stdout all=warning uptime,level,tags
 #1: stderr all=off uptime,level,tags

Environment Variables:
JAVA_HOME=C:\Program Files\Microsoft\jdk-17.0.8.7-hotspot
CLASSPATH=D:\Work\tppApp\frontend\android\\gradle\wrapper\gradle-wrapper.jar
PATH=D:\Work\tppApp\frontend\node_modules\.bin;D:\Work\tppApp\frontend\node_modules\.bin;D:\Work\tppApp\node_modules\.bin;D:\Work\node_modules\.bin;D:\node_modules\.bin;C:\Users\Acer\AppData\Roaming\npm\node_modules\npm\node_modules\@npmcli\run-script\lib\node-gyp-bin;D:\Work\tppApp\frontend\node_modules\.bin;D:\Work\tppApp\node_modules\.bin;D:\Work\node_modules\.bin;D:\node_modules\.bin;C:\Users\Acer\AppData\Roaming\npm\node_modules\npm\node_modules\@npmcli\run-script\lib\node-gyp-bin;C:\Program Files\Microsoft\jdk-17.0.8.7-hotspot\bin;C:\Program Files\OpenLogic\jdk-11.0.21.9-hotspot\bin;C:\Program Files\Common Files\Oracle\Java\javapath;C:\Windows\system32;C:\Windows;C:\Windows\System32\Wbem;C:\Windows\System32\WindowsPowerShell\v1.0\;C:\Windows\System32\OpenSSH\;C:\Users\Acer\Documents\Android\platform-tools;C:\Program Files\Cloudflare\Cloudflare WARP\;C:\Gradle\gradle-7.5.1\bin;C:\Users\Acer\AppData\Local\Android\Sdk\tools\bin;C:\Users\Acer\AppData\Local\Pub\Cache\bin;C:\Program Files\Git\cmd;C:\MinGW\bin;C:\apache-maven-3.9.4\bin;C:\Users\Acer\AppData\Local\Android\Sdk\platform-tools;C:\Users\Acer\AppData\Local\Android\Sdk\tools;C:\ProgramData\chocolatey\bin;C:\Program Files\nodejs\;C:\Program Files\MySQL\MySQL Shell 8.0\bin\;C:\Users\Acer\AppData\Local\Programs\Python\Python39\Scripts\;C:\Users\Acer\AppData\Local\Programs\Python\Python39\;C:\Users\Acer\AppData\Local\Microsoft\WindowsApps;C:\src\flutter\bin;C:\Program Files\Java\jdk1.8.0_202\bin;C:\Program Files\CodeBlocks\MinGW\bin;C:\Program Files\MongoDB\Server\5.0\bin;C:\Program Files\JetBrains\IntelliJ IDEA 2023.2\bin;;C:\Program Files\JetBrains\IntelliJ IDEA Community Edition 2023.2\bin;;C:\Users\Acer\AppData\Local\Programs\Microsoft VS Code\bin;C:\Users\Acer\AppData\Roaming\npm;C:\Users\Acer\AppData\Local\Android\Sdk\platform-tools;C:\Users\Acer\AppData\Local\Android\Sdk\cmdline-tools;C:\Users\Acer\AppData\Local\Android\Sdk\tools;
USERNAME=Acer
LANG=en_US.UTF-8
OS=Windows_NT
PROCESSOR_IDENTIFIER=Intel64 Family 6 Model 158 Stepping 9, GenuineIntel
TMP=C:\Users\Acer\AppData\Local\Temp
TEMP=C:\Users\Acer\AppData\Local\Temp



---------------  S Y S T E M  ---------------

OS:
 Windows 10 , 64 bit Build 19041 (10.0.19041.3636)
OS uptime: 10 days 6:22 hours
Hyper-V role detected

CPU: total 8 (initial active 8) (4 cores per cpu, 2 threads per core) family 6 model 158 stepping 9 microcode 0xb4, cx8, cmov, fxsr, ht, mmx, 3dnowpref, sse, sse2, sse3, ssse3, sse4.1, sse4.2, popcnt, lzcnt, tsc, tscinvbit, avx, avx2, aes, erms, clmul, bmi1, bmi2, adx, fma, vzeroupper, clflush, clflushopt, hv
Processor Information for all 8 processors :
  Max Mhz: 3096, Current Mhz: 3096, Mhz Limit: 3096

Memory: 4k page, system-wide physical 16240M (5191M free)
TotalPageFile size 18672M (AvailPageFile size 4899M)
current process WorkingSet (physical memory assigned to process): 669M, peak: 680M
current process commit charge ("private bytes"): 722M, peak: 735M

vm_info: OpenJDK 64-Bit Server VM (17.0.8+7-LTS) for windows-amd64 JRE (17.0.8+7-LTS), built on Jul  7 2023 17:21:55 by "MicrosoftCorporation" with MS VC++ 16.10 / 16.11 (VS2019)

END.
